[{"model": "webapp.condo", "pk": 1, "fields": {"name": "Condo First", "address": "street 1234", "created_at": null, "updated_at": null}}, {"model": "webapp.condo", "pk": 3, "fields": {"name": "Building condo 2", "address": "8th avenue New Westminster", "created_at": "2022-04-12T03:37:51.862Z", "updated_at": "2022-04-12T03:37:51.862Z"}}, {"model": "webapp.myuser", "pk": 1, "fields": {"password": "user1", "last_login": null, "email": "user1@gmail.com", "date_of_birth": null, "is_active": true, "is_admin": false, "phone_number": "12345678910", "user_type": "RU", "user_status": "A", "address": null, "condo": 1, "created_at": "2017-01-01T00:00:00Z", "updated_at": "2017-01-01T00:00:00Z", "first_name": null, "last_name": null, "gender": "M"}}, {"model": "webapp.myuser", "pk": 3, "fields": {"password": "pbkdf2_sha256$320000$fxHYnWt1m0Ri2SSZzLgDbe$t8WFPBJlcTRrqLJNTxUUrjDvKkYWviSg3sduupQELsk=", "last_login": "2022-04-12T04:45:54.642Z", "email": "admin@gmail.com", "date_of_birth": "2022-03-29", "is_active": true, "is_admin": true, "phone_number": "33418740", "user_type": "CA", "user_status": "A", "address": null, "condo": 1, "created_at": "2022-03-29T01:01:56.940Z", "updated_at": "2022-04-11T02:50:23.082Z", "first_name": null, "last_name": null, "gender": "M"}}, {"model": "webapp.myuser", "pk": 16, "fields": {"password": "pbkdf2_sha256$320000$Gbp7b8o0t0WY2kydAg5ChX$eFya7H/bRU4gmbXw5rdAXByL9Ee+oKhzoyAJpBsO4xw=", "last_login": "2022-04-12T03:41:47.633Z", "email": "user2@gmail.com", "date_of_birth": "1990-10-22", "is_active": true, "is_admin": false, "phone_number": "123456789", "user_type": "RU", "user_status": "A", "address": "apt 103", "condo": 1, "created_at": "2022-04-12T03:41:26.295Z", "updated_at": "2022-04-12T03:41:26.317Z", "first_name": "User Second", "last_name": "SecLast name", "gender": "M"}}, {"model": "webapp.myuser", "pk": 17, "fields": {"password": "pbkdf2_sha256$320000$3krJLTdQJ3LiSgfRZdOrQ1$EMbZYRSvV+3gUSfbYYVIw8DYB6CzXwsu51l3TvuGbfU=", "last_login": "2022-04-12T04:44:59.383Z", "email": "fabio@gmail.com", "date_of_birth": "2022-04-12", "is_active": true, "is_admin": false, "phone_number": "123456789", "user_type": "RU", "user_status": "A", "address": null, "condo": 3, "created_at": "2022-04-12T03:55:37.329Z", "updated_at": "2022-04-12T03:55:45.501Z", "first_name": null, "last_name": null, "gender": ""}}, {"model": "webapp.signupcode", "pk": 1, "fields": {"code": "a4805bae-b898-11ec-94e7-8c8590d18455", "condo_id": 1, "use_status": "A"}}, {"model": "webapp.signupcode", "pk": 2, "fields": {"code": "a4805f96-b898-11ec-94e7-8c8590d18455", "condo_id": 1, "use_status": "A"}}, {"model": "webapp.signupcode", "pk": 3, "fields": {"code": "a4805fd2-b898-11ec-94e7-8c8590d18455", "condo_id": 1, "use_status": "A"}}, {"model": "webapp.signupcode", "pk": 4, "fields": {"code": "a6337756-b898-11ec-94e7-8c8590d18455", "condo_id": 1, "use_status": "A"}}, {"model": "webapp.signupcode", "pk": 5, "fields": {"code": "a633780a-b898-11ec-94e7-8c8590d18455", "condo_id": 1, "use_status": "A"}}, {"model": "webapp.signupcode", "pk": 6, "fields": {"code": "a6337832-b898-11ec-94e7-8c8590d18455", "condo_id": 1, "use_status": "A"}}, {"model": "webapp.signupcode", "pk": 7, "fields": {"code": "a6337850-b898-11ec-94e7-8c8590d18455", "condo_id": 1, "use_status": "A"}}, {"model": "webapp.signupcode", "pk": 8, "fields": {"code": "a633786e-b898-11ec-94e7-8c8590d18455", "condo_id": 1, "use_status": "A"}}, {"model": "webapp.signupcode", "pk": 9, "fields": {"code": "a6337882-b898-11ec-94e7-8c8590d18455", "condo_id": 1, "use_status": "A"}}, {"model": "webapp.signupcode", "pk": 10, "fields": {"code": "a63378a0-b898-11ec-94e7-8c8590d18455", "condo_id": 1, "use_status": "U"}}, {"model": "webapp.gymsession", "pk": 2, "fields": {"checkin_code": "00000000000000000000000000000000000000000000000000000000000000000000000000000000000000000000000000000000000000000000000000000000", "session_datetime": "2022-03-25T07:30:00Z", "booked_user": 1, "booking_status": "B"}}, {"model": "webapp.gymsession", "pk": 3, "fields": {"checkin_code": "00000000000000000000000000000000000000000000000000000000000000000000000000000000000000000000000000000000000000000000000000000000", "session_datetime": "2022-03-26T07:00:00Z", "booked_user": 1, "booking_status": "B"}}, {"model": "webapp.gymsession", "pk": 4, "fields": {"checkin_code": "00000000000000000000000000000000000000000000000000000000000000000000000000000000000000000000000000000000000000000000000000000000", "session_datetime": "2022-03-27T07:30:00Z", "booked_user": 1, "booking_status": "B"}}, {"model": "webapp.gymsession", "pk": 5, "fields": {"checkin_code": "00000000000000000000000000000000000000000000000000000000000000000000000000000000000000000000000000000000000000000000000000000000", "session_datetime": "2022-03-29T00:00:00Z", "booked_user": 3, "booking_status": "B"}}, {"model": "webapp.gymsession", "pk": 6, "fields": {"checkin_code": "00000000000000000000000000000000000000000000000000000000000000000000000000000000000000000000000000000000000000000000000000000000", "session_datetime": "2022-04-01T08:00:00Z", "booked_user": 3, "booking_status": "B"}}, {"model": "webapp.gymsession", "pk": 7, "fields": {"checkin_code": "00000000000000000000000000000000000000000000000000000000000000000000000000000000000000000000000000000000000000000000000000000000", "session_datetime": "2022-04-09T06:30:00Z", "booked_user": 3, "booking_status": "B"}}, {"model": "webapp.gymsession", "pk": 8, "fields": {"checkin_code": "00000000000000000000000000000000000000000000000000000000000000000000000000000000000000000000000000000000000000000000000000000000", "session_datetime": "2022-04-10T07:30:00Z", "booked_user": 3, "booking_status": "B"}}, {"model": "webapp.gymsession", "pk": 9, "fields": {"checkin_code": "00000000000000000000000000000000000000000000000000000000000000000000000000000000000000000000000000000000000000000000000000000000", "session_datetime": "2022-04-11T07:00:00Z", "booked_user": 3, "booking_status": "B"}}, {"model": "webapp.gymsession", "pk": 10, "fields": {"checkin_code": "00000000000000000000000000000000000000000000000000000000000000000000000000000000000000000000000000000000000000000000000000000000", "session_datetime": "2022-04-12T07:00:00Z", "booked_user": 3, "booking_status": "B"}}, {"model": "webapp.gymsession", "pk": 12, "fields": {"checkin_code": "00000000000000000000000000000000000000000000000000000000000000000000000000000000000000000000000000000000000000000000000000000000", "session_datetime": "2022-04-13T10:00:00Z", "booked_user": 3, "booking_status": "B"}}, {"model": "webapp.gymsession", "pk": 14, "fields": {"checkin_code": "00000000000000000000000000000000000000000000000000000000000000000000000000000000000000000000000000000000000000000000000000000000", "session_datetime": "2022-04-14T10:00:00Z", "booked_user": 3, "booking_status": "B"}}, {"model": "webapp.gymsession", "pk": 15, "fields": {"checkin_code": "00000000000000000000000000000000000000000000000000000000000000000000000000000000000000000000000000000000000000000000000000000000", "session_datetime": "2022-04-13T09:00:00Z", "booked_user": 17, "booking_status": "B"}}, {"model": "webapp.gymsession", "pk": 16, "fields": {"checkin_code": "00000000000000000000000000000000000000000000000000000000000000000000000000000000000000000000000000000000000000000000000000000000", "session_datetime": "2022-04-13T07:00:00Z", "booked_user": 16, "booking_status": "B"}}, {"model": "webapp.gymsession", "pk": 17, "fields": {"checkin_code": "00000000000000000000000000000000000000000000000000000000000000000000000000000000000000000000000000000000000000000000000000000000", "session_datetime": "2022-04-15T07:00:00Z", "booked_user": 3, "booking_status": "B"}}, {"model": "webapp.gymsession", "pk": 18, "fields": {"checkin_code": "00000000000000000000000000000000000000000000000000000000000000000000000000000000000000000000000000000000000000000000000000000000", "session_datetime": "2022-04-15T07:00:00Z", "booked_user": 3, "booking_status": "B"}}, {"model": "webapp.gymsession", "pk": 19, "fields": {"checkin_code": "00000000000000000000000000000000000000000000000000000000000000000000000000000000000000000000000000000000000000000000000000000000", "session_datetime": "2022-04-15T07:00:00Z", "booked_user": 3, "booking_status": "B"}}, {"model": "webapp.gymsession", "pk": 20, "fields": {"checkin_code": "00000000000000000000000000000000000000000000000000000000000000000000000000000000000000000000000000000000000000000000000000000000", "session_datetime": "2022-04-16T10:00:00Z", "booked_user": 3, "booking_status": "B"}}, {"model": "webapp.gymsession", "pk": 21, "fields": {"checkin_code": "00000000000000000000000000000000000000000000000000000000000000000000000000000000000000000000000000000000000000000000000000000000", "session_datetime": "2022-04-16T10:00:00Z", "booked_user": 3, "booking_status": "B"}}, {"model": "webapp.gymsession", "pk": 22, "fields": {"checkin_code": "00000000000000000000000000000000000000000000000000000000000000000000000000000000000000000000000000000000000000000000000000000000", "session_datetime": "2022-04-16T07:00:00Z", "booked_user": 3, "booking_status": "B"}}, {"model": "webapp.gymsession", "pk": 23, "fields": {"checkin_code": "00000000000000000000000000000000000000000000000000000000000000000000000000000000000000000000000000000000000000000000000000000000", "session_datetime": "2022-04-07T10:00:00Z", "booked_user": 3, "booking_status": "B"}}, {"model": "webapp.gymsession", "pk": 24, "fields": {"checkin_code": "00000000000000000000000000000000000000000000000000000000000000000000000000000000000000000000000000000000000000000000000000000000", "session_datetime": "2022-04-16T10:00:00Z", "booked_user": 3, "booking_status": "B"}}, {"model": "webapp.gymsession", "pk": 25, "fields": {"checkin_code": "00000000000000000000000000000000000000000000000000000000000000000000000000000000000000000000000000000000000000000000000000000000", "session_datetime": "2022-04-16T10:00:00Z", "booked_user": 3, "booking_status": "B"}}, {"model": "webapp.gymsession", "pk": 26, "fields": {"checkin_code": "00000000000000000000000000000000000000000000000000000000000000000000000000000000000000000000000000000000000000000000000000000000", "session_datetime": "2022-04-17T10:00:00Z", "booked_user": 3, "booking_status": "B"}}, {"model": "webapp.stall", "pk": 1, "fields": {"stall_label": "1", "condo": 1, "stall_type": "V"}}, {"model": "webapp.stall", "pk": 2, "fields": {"stall_label": "2", "condo": 1, "stall_type": "V"}}, {"model": "webapp.stall", "pk": 3, "fields": {"stall_label": "3", "condo": 1, "stall_type": "R"}}, {"model": "webapp.stall", "pk": 4, "fields": {"stall_label": "4", "condo": 1, "stall_type": "R"}}, {"model": "webapp.stall", "pk": 6, "fields": {"stall_label": "5", "condo": 1, "stall_type": "V"}}, {"model": "webapp.stall", "pk": 7, "fields": {"stall_label": "6", "condo": 1, "stall_type": "V"}}, {"model": "webapp.stall", "pk": 8, "fields": {"stall_label": "A", "condo": 3, "stall_type": "V"}}, {"model": "webapp.stall", "pk": 9, "fields": {"stall_label": "B", "condo": 3, "stall_type": "V"}}, {"model": "webapp.stall", "pk": 10, "fields": {"stall_label": "C", "condo": 3, "stall_type": "V"}}, {"model": "webapp.stall", "pk": 11, "fields": {"stall_label": "D", "condo": 3, "stall_type": "V"}}, {"model": "webapp.stall", "pk": 12, "fields": {"stall_label": "E", "condo": 3, "stall_type": "V"}}, {"model": "webapp.stall", "pk": 13, "fields": {"stall_label": "F", "condo": 3, "stall_type": "V"}}, {"model": "webapp.stall", "pk": 14, "fields": {"stall_label": "G", "condo": 3, "stall_type": "R"}}, {"model": "webapp.stall", "pk": 15, "fields": {"stall_label": "H", "condo": 3, "stall_type": "R"}}, {"model": "webapp.stall", "pk": 16, "fields": {"stall_label": "I", "condo": 3, "stall_type": "R"}}, {"model": "webapp.stallreservation", "pk": 1, "fields": {"stall": 1, "user": 1, "date": "2022-03-25"}}, {"model": "webapp.stallreservation", "pk": 2, "fields": {"stall": 1, "user": 1, "date": "2022-03-28"}}, {"model": "webapp.stallreservation", "pk": 4, "fields": {"stall": 1, "user": 3, "date": "2022-03-29"}}, {"model": "webapp.stallreservation", "pk": 5, "fields": {"stall": 1, "user": 3, "date": "2022-03-30"}}, {"model": "webapp.stallreservation", "pk": 6, "fields": {"stall": 2, "user": 3, "date": "2022-03-31"}}, {"model": "webapp.stallreservation", "pk": 7, "fields": {"stall": 4, "user": 3, "date": "2022-03-31"}}, {"model": "webapp.stallreservation", "pk": 11, "fields": {"stall": 1, "user": 3, "date": "2022-04-09"}}, {"model": "webapp.stallreservation", "pk": 12, "fields": {"stall": 1, "user": 3, "date": "2022-04-10"}}, {"model": "webapp.stallreservation", "pk": 15, "fields": {"stall": 3, "user": 3, "date": "2022-04-13"}}, {"model": "webapp.stallreservation", "pk": 16, "fields": {"stall": 2, "user": 3, "date": "2022-04-14"}}, {"model": "webapp.stallreservation", "pk": 17, "fields": {"stall": 4, "user": 3, "date": "2022-04-15"}}, {"model": "webapp.stallreservation", "pk": 19, "fields": {"stall": 1, "user": 3, "date": "2022-04-12"}}, {"model": "webapp.stallreservation", "pk": 20, "fields": {"stall": 3, "user": 3, "date": "2022-04-15"}}, {"model": "webapp.stallreservation", "pk": 21, "fields": {"stall": 1, "user": 16, "date": "2022-04-13"}}, {"model": "webapp.stallreservation", "pk": 22, "fields": {"stall": 6, "user": 3, "date": "2022-04-15"}}, {"model": "webapp.tenniscourt", "pk": 1, "fields": {"court_number": 1, "condo": 1, "time_slot": "07:30:00"}}, {"model": "webapp.tenniscourt", "pk": 2, "fields": {"court_number": 1, "condo": 1, "time_slot": "08:00:00"}}, {"model": "webapp.tenniscourt", "pk": 3, "fields": {"court_number": 1, "condo": 1, "time_slot": "08:30:00"}}, {"model": "webapp.tenniscourt", "pk": 5, "fields": {"court_number": 1, "condo": 3, "time_slot": "07:00:00"}}, {"model": "webapp.tenniscourt", "pk": 6, "fields": {"court_number": 1, "condo": 3, "time_slot": "07:30:00"}}, {"model": "webapp.tenniscourt", "pk": 7, "fields": {"court_number": 1, "condo": 3, "time_slot": "08:00:00"}}, {"model": "webapp.tenniscourt", "pk": 8, "fields": {"court_number": 2, "condo": 3, "time_slot": "07:00:00"}}, {"model": "webapp.tenniscourt", "pk": 9, "fields": {"court_number": 2, "condo": 3, "time_slot": "07:30:00"}}, {"model": "webapp.tenniscourtreservation", "pk": 12, "fields": {"court": 2, "user": 1, "date": "2022-04-11"}}, {"model": "webapp.tenniscourtreservation", "pk": 14, "fields": {"court": 1, "user": 3, "date": "2022-04-11"}}, {"model": "webapp.tenniscourtreservation", "pk": 15, "fields": {"court": 2, "user": 3, "date": "2022-04-12"}}, {"model": "webapp.tenniscourtreservation", "pk": 16, "fields": {"court": 3, "user": 3, "date": "2022-04-13"}}, {"model": "webapp.tenniscourtreservation", "pk": 17, "fields": {"court": 1, "user": 3, "date": "2022-04-14"}}, {"model": "webapp.tenniscourtreservation", "pk": 18, "fields": {"court": 3, "user": 3, "date": "2022-04-14"}}, {"model": "webapp.tenniscourtreservation", "pk": 19, "fields": {"court": 9, "user": 17, "date": "2022-04-13"}}, {"model": "webapp.tenniscourtreservation", "pk": 20, "fields": {"court": 9, "user": 17, "date": "2022-04-12"}}, {"model": "webapp.partyroom", "pk": 1, "fields": {"room_name": "Party Room 1", "condo": 1}}, {"model": "webapp.partyroom", "pk": 2, "fields": {"room_name": "Room 2", "condo": 1}}, {"model": "webapp.partyroom", "pk": 3, "fields": {"room_name": "Room 3", "condo": 1}}, {"model": "webapp.partyroom", "pk": 5, "fields": {"room_name": "Ball Room", "condo": 1}}, {"model": "webapp.partyroom", "pk": 6, "fields": {"room_name": "Office Room", "condo": 1}}, {"model": "webapp.partyroom", "pk": 7, "fields": {"room_name": "Ball Room", "condo": 3}}, {"model": "webapp.partyroom", "pk": 8, "fields": {"room_name": "Office Room", "condo": 3}}, {"model": "webapp.partyroom", "pk": 9, "fields": {"room_name": "Party Room", "condo": 3}}, {"model": "webapp.partyroom", "pk": 10, "fields": {"room_name": "Games Room", "condo": 1}}, {"model": "webapp.partyroomreservation", "pk": 1, "fields": {"party_room": 1, "user": 1, "date": "2022-03-28"}}, {"model": "webapp.partyroomreservation", "pk": 2, "fields": {"party_room": 1, "user": 3, "date": "2022-03-30"}}, {"model": "webapp.partyroomreservation", "pk": 3, "fields": {"party_room": 2, "user": 3, "date": "2022-03-31"}}, {"model": "webapp.partyroomreservation", "pk": 4, "fields": {"party_room": 2, "user": 3, "date": "2022-04-03"}}, {"model": "webapp.partyroomreservation", "pk": 5, "fields": {"party_room": 1, "user": 3, "date": "2022-04-08"}}, {"model": "webapp.partyroomreservation", "pk": 6, "fields": {"party_room": 1, "user": 3, "date": "2022-04-09"}}, {"model": "webapp.partyroomreservation", "pk": 7, "fields": {"party_room": 1, "user": 3, "date": "2022-04-10"}}, {"model": "webapp.partyroomreservation", "pk": 9, "fields": {"party_room": 2, "user": 3, "date": "2022-04-13"}}, {"model": "webapp.partyroomreservation", "pk": 10, "fields": {"party_room": 2, "user": 3, "date": "2022-04-14"}}, {"model": "webapp.partyroomreservation", "pk": 11, "fields": {"party_room": 1, "user": 3, "date": "2022-04-12"}}, {"model": "webapp.partyroomreservation", "pk": 12, "fields": {"party_room": 3, "user": 3, "date": "2022-04-12"}}, {"model": "admin.logentry", "pk": 1, "fields": {"action_time": "2022-03-29T01:24:59.912Z", "user": 3, "content_type": 1, "object_id": "3", "object_repr": "admin@gmail.com", "action_flag": 2, "change_message": "[{\"changed\": {\"fields\": [\"Date of birth\", \"Condo\"]}}]"}}, {"model": "admin.logentry", "pk": 2, "fields": {"action_time": "2022-03-29T19:05:08.764Z", "user": 3, "content_type": 10, "object_id": "2", "object_repr": "Party Room: Room Name: Party Room 1   Condo: Condo First Reserved for user admin@gmail.com  on Date: 2022-03-30", "action_flag": 1, "change_message": "[{\"added\": {}}]"}}, {"model": "admin.logentry", "pk": 3, "fields": {"action_time": "2022-03-29T19:05:29.491Z", "user": 3, "content_type": 3, "object_id": "2", "object_repr": "Room Name: Room 2   Condo: Condo First", "action_flag": 1, "change_message": "[{\"added\": {}}]"}}, {"model": "admin.logentry", "pk": 4, "fields": {"action_time": "2022-03-29T19:05:44.181Z", "user": 3, "content_type": 3, "object_id": "3", "object_repr": "Room Name: Room 3   Condo: Condo First", "action_flag": 1, "change_message": "[{\"added\": {}}]"}}, {"model": "admin.logentry", "pk": 5, "fields": {"action_time": "2022-03-29T19:06:06.706Z", "user": 3, "content_type": 10, "object_id": "3", "object_repr": "Party Room: Room Name: Room 2   Condo: Condo First Reserved for user admin@gmail.com  on Date: 2022-03-31", "action_flag": 1, "change_message": "[{\"added\": {}}]"}}, {"model": "admin.logentry", "pk": 6, "fields": {"action_time": "2022-03-29T19:50:43.024Z", "user": 3, "content_type": 7, "object_id": "10", "object_repr": "Stall: Stall: 3 Type: R  on Condo: Condo Name: Condo First   Address: street 1234 Reserved for user admin@gmail.com  checkin on Date: 2022-04-01", "action_flag": 3, "change_message": ""}}, {"model": "admin.logentry", "pk": 7, "fields": {"action_time": "2022-03-29T19:50:43.032Z", "user": 3, "content_type": 7, "object_id": "9", "object_repr": "Stall: Stall: 2 Type: V  on Condo: Condo Name: Condo First   Address: street 1234 Reserved for user admin@gmail.com  checkin on Date: 2022-03-30", "action_flag": 3, "change_message": ""}}, {"model": "admin.logentry", "pk": 8, "fields": {"action_time": "2022-03-29T19:50:43.035Z", "user": 3, "content_type": 7, "object_id": "8", "object_repr": "Stall: Stall: 4 Type: R  on Condo: Condo Name: Condo First   Address: street 1234 Reserved for user admin@gmail.com  checkin on Date: 2022-04-01", "action_flag": 3, "change_message": ""}}, {"model": "admin.logentry", "pk": 9, "fields": {"action_time": "2022-04-09T01:04:47.365Z", "user": 3, "content_type": 11, "object_id": "7", "object_repr": "Day 2022-04-09 06:30:00+00:00 Time: User admin@gmail.com", "action_flag": 1, "change_message": "[{\"added\": {}}]"}}, {"model": "admin.logentry", "pk": 10, "fields": {"action_time": "2022-04-09T01:05:53.595Z", "user": 3, "content_type": 11, "object_id": "8", "object_repr": "Day 2022-04-10 07:30:00+00:00 Time: User admin@gmail.com", "action_flag": 1, "change_message": "[{\"added\": {}}]"}}, {"model": "admin.logentry", "pk": 11, "fields": {"action_time": "2022-04-09T05:44:48.979Z", "user": 3, "content_type": 6, "object_id": "2", "object_repr": "Court: Court Number: 1, Condo: Condo First, on time slot: 07:30:00 Reserved for user admin@gmail.com  on Time : 2022-04-09 07:30:00+00:00", "action_flag": 1, "change_message": "[{\"added\": {}}]"}}, {"model": "admin.logentry", "pk": 12, "fields": {"action_time": "2022-04-09T05:50:35.672Z", "user": 3, "content_type": 6, "object_id": "3", "object_repr": "Court: Court Number: 1, Condo: Condo First, on time slot: 07:30:00 Reserved for user admin@gmail.com  on Time : 2022-04-08 07:30:00+00:00", "action_flag": 1, "change_message": "[{\"added\": {}}]"}}, {"model": "admin.logentry", "pk": 13, "fields": {"action_time": "2022-04-09T22:56:33.924Z", "user": 3, "content_type": 7, "object_id": "11", "object_repr": "Stall: Stall: 1 Type: V  on Condo: Condo Name: Condo First   Address: street 1234 Reserved for user admin@gmail.com  checkin on Date: 2022-04-09", "action_flag": 1, "change_message": "[{\"added\": {}}]"}}, {"model": "admin.logentry", "pk": 14, "fields": {"action_time": "2022-04-09T22:56:45.311Z", "user": 3, "content_type": 7, "object_id": "12", "object_repr": "Stall: Stall: 1 Type: V  on Condo: Condo Name: Condo First   Address: street 1234 Reserved for user admin@gmail.com  checkin on Date: 2022-04-10", "action_flag": 1, "change_message": "[{\"added\": {}}]"}}, {"model": "admin.logentry", "pk": 15, "fields": {"action_time": "2022-04-11T02:17:37.524Z", "user": 3, "content_type": 1, "object_id": "4", "object_repr": "usercondo2@gmail.com", "action_flag": 1, "change_message": "[{\"added\": {}}]"}}, {"model": "admin.logentry", "pk": 16, "fields": {"action_time": "2022-04-11T02:23:04.810Z", "user": 3, "content_type": 2, "object_id": "2", "object_repr": "Condo Name: condo 2   Address: address xpto", "action_flag": 1, "change_message": "[{\"added\": {}}]"}}, {"model": "admin.logentry", "pk": 17, "fields": {"action_time": "2022-04-11T02:23:13.237Z", "user": 3, "content_type": 1, "object_id": "4", "object_repr": "usercondo2@gmail.com", "action_flag": 2, "change_message": "[{\"changed\": {\"fields\": [\"Condo\"]}}]"}}, {"model": "admin.logentry", "pk": 18, "fields": {"action_time": "2022-04-11T02:23:50.889Z", "user": 3, "content_type": 11, "object_id": "11", "object_repr": "Day 2022-04-11 06:00:00+00:00 Time: User usercondo2@gmail.com", "action_flag": 1, "change_message": "[{\"added\": {}}]"}}, {"model": "admin.logentry", "pk": 19, "fields": {"action_time": "2022-04-11T02:50:23.083Z", "user": 3, "content_type": 1, "object_id": "3", "object_repr": "admin@gmail.com", "action_flag": 2, "change_message": "[{\"changed\": {\"fields\": [\"Phone number\", \"User type\"]}}]"}}, {"model": "admin.logentry", "pk": 20, "fields": {"action_time": "2022-04-11T03:14:44.980Z", "user": 3, "content_type": 7, "object_id": "18", "object_repr": "Stall: Stall: 2 Type: V  on Condo: Condo Name: Condo First   Address: street 1234 Reserved for user usercondo2@gmail.com  checkin on Date: 2022-04-11", "action_flag": 1, "change_message": "[{\"added\": {}}]"}}, {"model": "admin.logentry", "pk": 21, "fields": {"action_time": "2022-04-11T03:17:12.177Z", "user": 3, "content_type": 4, "object_id": "5", "object_repr": "Stall: 5 Type: R  on Condo: Condo Name: condo 2   Address: address xpto", "action_flag": 1, "change_message": "[{\"added\": {}}]"}}, {"model": "admin.logentry", "pk": 22, "fields": {"action_time": "2022-04-11T03:24:07.858Z", "user": 3, "content_type": 5, "object_id": "4", "object_repr": "Court Number: 1, Condo: condo 2, on time slot: 07:00:00", "action_flag": 1, "change_message": "[{\"added\": {}}]"}}, {"model": "admin.logentry", "pk": 23, "fields": {"action_time": "2022-04-11T03:57:30.188Z", "user": 3, "content_type": 3, "object_id": "4", "object_repr": "Room Name: Room 2   Condo: condo 2", "action_flag": 1, "change_message": "[{\"added\": {}}]"}}, {"model": "admin.logentry", "pk": 24, "fields": {"action_time": "2022-04-11T04:31:50.842Z", "user": 3, "content_type": 6, "object_id": "12", "object_repr": "Court: Court Number: 1, Condo: Condo First, on time slot: 08:00:00 Reserved for user user1@gmail.com  on Time : 2022-04-11", "action_flag": 1, "change_message": "[{\"added\": {}}]"}}, {"model": "admin.logentry", "pk": 25, "fields": {"action_time": "2022-04-11T04:33:01.432Z", "user": 3, "content_type": 6, "object_id": "13", "object_repr": "Court: Court Number: 1, Condo: Condo First, on time slot: 08:30:00 Reserved for user usercondo2@gmail.com  on Time : 2022-04-11", "action_flag": 1, "change_message": "[{\"added\": {}}]"}}, {"model": "admin.logentry", "pk": 26, "fields": {"action_time": "2022-04-11T04:45:03.539Z", "user": 3, "content_type": 6, "object_id": "14", "object_repr": "Court: Court Number: 1, Condo: Condo First, on time slot: 07:30:00 Reserved for user admin@gmail.com  on Time : 2022-04-11", "action_flag": 1, "change_message": "[{\"added\": {}}]"}}, {"model": "admin.logentry", "pk": 27, "fields": {"action_time": "2022-04-11T23:25:51.876Z", "user": 3, "content_type": 1, "object_id": "9", "object_repr": "xajiha@mailinator.com", "action_flag": 3, "change_message": ""}}, {"model": "admin.logentry", "pk": 28, "fields": {"action_time": "2022-04-11T23:26:59.814Z", "user": 3, "content_type": 1, "object_id": "10", "object_repr": "xajiha@mailinator.com", "action_flag": 3, "change_message": ""}}, {"model": "admin.logentry", "pk": 29, "fields": {"action_time": "2022-04-11T23:35:39.452Z", "user": 3, "content_type": 8, "object_id": "277", "object_repr": "SignupCode object (277)", "action_flag": 2, "change_message": "[{\"changed\": {\"fields\": [\"Use status\"]}}]"}}, {"model": "admin.logentry", "pk": 30, "fields": {"action_time": "2022-04-11T23:35:58.256Z", "user": 3, "content_type": 1, "object_id": "12", "object_repr": "jypede@mailinator.com", "action_flag": 3, "change_message": ""}}, {"model": "admin.logentry", "pk": 31, "fields": {"action_time": "2022-04-11T23:51:10.335Z", "user": 3, "content_type": 8, "object_id": "276", "object_repr": "SignupCode object (276)", "action_flag": 2, "change_message": "[{\"changed\": {\"fields\": [\"Use status\"]}}]"}}, {"model": "admin.logentry", "pk": 32, "fields": {"action_time": "2022-04-11T23:51:18.289Z", "user": 3, "content_type": 1, "object_id": "14", "object_repr": "tehib@mailinator.com", "action_flag": 3, "change_message": ""}}, {"model": "admin.logentry", "pk": 33, "fields": {"action_time": "2022-04-12T03:37:14.752Z", "user": 3, "content_type": 11, "object_id": "11", "object_repr": "Day 2022-04-11 06:00:00+00:00 Time: User usercondo2@gmail.com", "action_flag": 3, "change_message": ""}}, {"model": "admin.logentry", "pk": 34, "fields": {"action_time": "2022-04-12T03:37:19.763Z", "user": 3, "content_type": 2, "object_id": "2", "object_repr": "Condo Name: condo 2   Address: address xpto", "action_flag": 3, "change_message": ""}}, {"model": "admin.logentry", "pk": 35, "fields": {"action_time": "2022-04-12T03:37:51.866Z", "user": 3, "content_type": 2, "object_id": "3", "object_repr": "Condo Name: Building condo 2   Address: 8th avenue New Westminster", "action_flag": 1, "change_message": "[{\"added\": {}}]"}}, {"model": "admin.logentry", "pk": 36, "fields": {"action_time": "2022-04-12T03:38:23.459Z", "user": 3, "content_type": 8, "object_id": "281", "object_repr": "SignupCode object (281)", "action_flag": 3, "change_message": ""}}, {"model": "admin.logentry", "pk": 37, "fields": {"action_time": "2022-04-12T03:38:23.461Z", "user": 3, "content_type": 8, "object_id": "280", "object_repr": "SignupCode object (280)", "action_flag": 3, "change_message": ""}}, {"model": "admin.logentry", "pk": 38, "fields": {"action_time": "2022-04-12T03:38:23.463Z", "user": 3, "content_type": 8, "object_id": "279", "object_repr": "SignupCode object (279)", "action_flag": 3, "change_message": ""}}, {"model": "admin.logentry", "pk": 39, "fields": {"action_time": "2022-04-12T03:38:23.464Z", "user": 3, "content_type": 8, "object_id": "278", "object_repr": "SignupCode object (278)", "action_flag": 3, "change_message": ""}}, {"model": "admin.logentry", "pk": 40, "fields": {"action_time": "2022-04-12T03:38:23.466Z", "user": 3, "content_type": 8, "object_id": "277", "object_repr": "SignupCode object (277)", "action_flag": 3, "change_message": ""}}, {"model": "admin.logentry", "pk": 41, "fields": {"action_time": "2022-04-12T03:38:23.467Z", "user": 3, "content_type": 8, "object_id": "276", "object_repr": "SignupCode object (276)", "action_flag": 3, "change_message": ""}}, {"model": "admin.logentry", "pk": 42, "fields": {"action_time": "2022-04-12T03:38:23.469Z", "user": 3, "content_type": 8, "object_id": "275", "object_repr": "SignupCode object (275)", "action_flag": 3, "change_message": ""}}, {"model": "admin.logentry", "pk": 43, "fields": {"action_time": "2022-04-12T03:38:23.471Z", "user": 3, "content_type": 8, "object_id": "274", "object_repr": "SignupCode object (274)", "action_flag": 3, "change_message": ""}}, {"model": "admin.logentry", "pk": 44, "fields": {"action_time": "2022-04-12T03:38:23.472Z", "user": 3, "content_type": 8, "object_id": "273", "object_repr": "SignupCode object (273)", "action_flag": 3, "change_message": ""}}, {"model": "admin.logentry", "pk": 45, "fields": {"action_time": "2022-04-12T03:38:23.474Z", "user": 3, "content_type": 8, "object_id": "272", "object_repr": "SignupCode object (272)", "action_flag": 3, "change_message": ""}}, {"model": "admin.logentry", "pk": 46, "fields": {"action_time": "2022-04-12T03:38:23.476Z", "user": 3, "content_type": 8, "object_id": "271", "object_repr": "SignupCode object (271)", "action_flag": 3, "change_message": ""}}, {"model": "admin.logentry", "pk": 47, "fields": {"action_time": "2022-04-12T03:38:23.478Z", "user": 3, "content_type": 8, "object_id": "270", "object_repr": "SignupCode object (270)", "action_flag": 3, "change_message": ""}}, {"model": "admin.logentry", "pk": 48, "fields": {"action_time": "2022-04-12T03:38:23.479Z", "user": 3, "content_type": 8, "object_id": "269", "object_repr": "SignupCode object (269)", "action_flag": 3, "change_message": ""}}, {"model": "admin.logentry", "pk": 49, "fields": {"action_time": "2022-04-12T03:38:23.481Z", "user": 3, "content_type": 8, "object_id": "268", "object_repr": "SignupCode object (268)", "action_flag": 3, "change_message": ""}}, {"model": "admin.logentry", "pk": 50, "fields": {"action_time": "2022-04-12T03:38:23.483Z", "user": 3, "content_type": 8, "object_id": "267", "object_repr": "SignupCode object (267)", "action_flag": 3, "change_message": ""}}, {"model": "admin.logentry", "pk": 51, "fields": {"action_time": "2022-04-12T03:38:23.485Z", "user": 3, "content_type": 8, "object_id": "266", "object_repr": "SignupCode object (266)", "action_flag": 3, "change_message": ""}}, {"model": "admin.logentry", "pk": 52, "fields": {"action_time": "2022-04-12T03:38:23.486Z", "user": 3, "content_type": 8, "object_id": "265", "object_repr": "SignupCode object (265)", "action_flag": 3, "change_message": ""}}, {"model": "admin.logentry", "pk": 53, "fields": {"action_time": "2022-04-12T03:38:23.487Z", "user": 3, "content_type": 8, "object_id": "264", "object_repr": "SignupCode object (264)", "action_flag": 3, "change_message": ""}}, {"model": "admin.logentry", "pk": 54, "fields": {"action_time": "2022-04-12T03:38:23.489Z", "user": 3, "content_type": 8, "object_id": "263", "object_repr": "SignupCode object (263)", "action_flag": 3, "change_message": ""}}, {"model": "admin.logentry", "pk": 55, "fields": {"action_time": "2022-04-12T03:38:23.491Z", "user": 3, "content_type": 8, "object_id": "262", "object_repr": "SignupCode object (262)", "action_flag": 3, "change_message": ""}}, {"model": "admin.logentry", "pk": 56, "fields": {"action_time": "2022-04-12T03:38:23.493Z", "user": 3, "content_type": 8, "object_id": "261", "object_repr": "SignupCode object (261)", "action_flag": 3, "change_message": ""}}, {"model": "admin.logentry", "pk": 57, "fields": {"action_time": "2022-04-12T03:38:23.495Z", "user": 3, "content_type": 8, "object_id": "260", "object_repr": "SignupCode object (260)", "action_flag": 3, "change_message": ""}}, {"model": "admin.logentry", "pk": 58, "fields": {"action_time": "2022-04-12T03:38:23.496Z", "user": 3, "content_type": 8, "object_id": "259", "object_repr": "SignupCode object (259)", "action_flag": 3, "change_message": ""}}, {"model": "admin.logentry", "pk": 59, "fields": {"action_time": "2022-04-12T03:38:23.498Z", "user": 3, "content_type": 8, "object_id": "258", "object_repr": "SignupCode object (258)", "action_flag": 3, "change_message": ""}}, {"model": "admin.logentry", "pk": 60, "fields": {"action_time": "2022-04-12T03:38:23.499Z", "user": 3, "content_type": 8, "object_id": "257", "object_repr": "SignupCode object (257)", "action_flag": 3, "change_message": ""}}, {"model": "admin.logentry", "pk": 61, "fields": {"action_time": "2022-04-12T03:38:23.500Z", "user": 3, "content_type": 8, "object_id": "256", "object_repr": "SignupCode object (256)", "action_flag": 3, "change_message": ""}}, {"model": "admin.logentry", "pk": 62, "fields": {"action_time": "2022-04-12T03:38:23.502Z", "user": 3, "content_type": 8, "object_id": "255", "object_repr": "SignupCode object (255)", "action_flag": 3, "change_message": ""}}, {"model": "admin.logentry", "pk": 63, "fields": {"action_time": "2022-04-12T03:38:23.503Z", "user": 3, "content_type": 8, "object_id": "254", "object_repr": "SignupCode object (254)", "action_flag": 3, "change_message": ""}}, {"model": "admin.logentry", "pk": 64, "fields": {"action_time": "2022-04-12T03:38:23.504Z", "user": 3, "content_type": 8, "object_id": "253", "object_repr": "SignupCode object (253)", "action_flag": 3, "change_message": ""}}, {"model": "admin.logentry", "pk": 65, "fields": {"action_time": "2022-04-12T03:38:23.506Z", "user": 3, "content_type": 8, "object_id": "252", "object_repr": "SignupCode object (252)", "action_flag": 3, "change_message": ""}}, {"model": "admin.logentry", "pk": 66, "fields": {"action_time": "2022-04-12T03:38:23.507Z", "user": 3, "content_type": 8, "object_id": "251", "object_repr": "SignupCode object (251)", "action_flag": 3, "change_message": ""}}, {"model": "admin.logentry", "pk": 67, "fields": {"action_time": "2022-04-12T03:38:23.509Z", "user": 3, "content_type": 8, "object_id": "250", "object_repr": "SignupCode object (250)", "action_flag": 3, "change_message": ""}}, {"model": "admin.logentry", "pk": 68, "fields": {"action_time": "2022-04-12T03:38:23.510Z", "user": 3, "content_type": 8, "object_id": "249", "object_repr": "SignupCode object (249)", "action_flag": 3, "change_message": ""}}, {"model": "admin.logentry", "pk": 69, "fields": {"action_time": "2022-04-12T03:38:23.512Z", "user": 3, "content_type": 8, "object_id": "248", "object_repr": "SignupCode object (248)", "action_flag": 3, "change_message": ""}}, {"model": "admin.logentry", "pk": 70, "fields": {"action_time": "2022-04-12T03:38:23.514Z", "user": 3, "content_type": 8, "object_id": "247", "object_repr": "SignupCode object (247)", "action_flag": 3, "change_message": ""}}, {"model": "admin.logentry", "pk": 71, "fields": {"action_time": "2022-04-12T03:38:23.516Z", "user": 3, "content_type": 8, "object_id": "246", "object_repr": "SignupCode object (246)", "action_flag": 3, "change_message": ""}}, {"model": "admin.logentry", "pk": 72, "fields": {"action_time": "2022-04-12T03:38:23.517Z", "user": 3, "content_type": 8, "object_id": "245", "object_repr": "SignupCode object (245)", "action_flag": 3, "change_message": ""}}, {"model": "admin.logentry", "pk": 73, "fields": {"action_time": "2022-04-12T03:38:23.518Z", "user": 3, "content_type": 8, "object_id": "244", "object_repr": "SignupCode object (244)", "action_flag": 3, "change_message": ""}}, {"model": "admin.logentry", "pk": 74, "fields": {"action_time": "2022-04-12T03:38:23.520Z", "user": 3, "content_type": 8, "object_id": "243", "object_repr": "SignupCode object (243)", "action_flag": 3, "change_message": ""}}, {"model": "admin.logentry", "pk": 75, "fields": {"action_time": "2022-04-12T03:38:23.521Z", "user": 3, "content_type": 8, "object_id": "242", "object_repr": "SignupCode object (242)", "action_flag": 3, "change_message": ""}}, {"model": "admin.logentry", "pk": 76, "fields": {"action_time": "2022-04-12T03:38:23.523Z", "user": 3, "content_type": 8, "object_id": "241", "object_repr": "SignupCode object (241)", "action_flag": 3, "change_message": ""}}, {"model": "admin.logentry", "pk": 77, "fields": {"action_time": "2022-04-12T03:38:23.525Z", "user": 3, "content_type": 8, "object_id": "240", "object_repr": "SignupCode object (240)", "action_flag": 3, "change_message": ""}}, {"model": "admin.logentry", "pk": 78, "fields": {"action_time": "2022-04-12T03:38:23.526Z", "user": 3, "content_type": 8, "object_id": "239", "object_repr": "SignupCode object (239)", "action_flag": 3, "change_message": ""}}, {"model": "admin.logentry", "pk": 79, "fields": {"action_time": "2022-04-12T03:38:23.528Z", "user": 3, "content_type": 8, "object_id": "238", "object_repr": "SignupCode object (238)", "action_flag": 3, "change_message": ""}}, {"model": "admin.logentry", "pk": 80, "fields": {"action_time": "2022-04-12T03:38:23.529Z", "user": 3, "content_type": 8, "object_id": "237", "object_repr": "SignupCode object (237)", "action_flag": 3, "change_message": ""}}, {"model": "admin.logentry", "pk": 81, "fields": {"action_time": "2022-04-12T03:38:23.531Z", "user": 3, "content_type": 8, "object_id": "236", "object_repr": "SignupCode object (236)", "action_flag": 3, "change_message": ""}}, {"model": "admin.logentry", "pk": 82, "fields": {"action_time": "2022-04-12T03:38:23.533Z", "user": 3, "content_type": 8, "object_id": "235", "object_repr": "SignupCode object (235)", "action_flag": 3, "change_message": ""}}, {"model": "admin.logentry", "pk": 83, "fields": {"action_time": "2022-04-12T03:38:23.534Z", "user": 3, "content_type": 8, "object_id": "234", "object_repr": "SignupCode object (234)", "action_flag": 3, "change_message": ""}}, {"model": "admin.logentry", "pk": 84, "fields": {"action_time": "2022-04-12T03:38:23.535Z", "user": 3, "content_type": 8, "object_id": "233", "object_repr": "SignupCode object (233)", "action_flag": 3, "change_message": ""}}, {"model": "admin.logentry", "pk": 85, "fields": {"action_time": "2022-04-12T03:38:23.537Z", "user": 3, "content_type": 8, "object_id": "232", "object_repr": "SignupCode object (232)", "action_flag": 3, "change_message": ""}}, {"model": "admin.logentry", "pk": 86, "fields": {"action_time": "2022-04-12T03:38:23.539Z", "user": 3, "content_type": 8, "object_id": "231", "object_repr": "SignupCode object (231)", "action_flag": 3, "change_message": ""}}, {"model": "admin.logentry", "pk": 87, "fields": {"action_time": "2022-04-12T03:38:23.540Z", "user": 3, "content_type": 8, "object_id": "230", "object_repr": "SignupCode object (230)", "action_flag": 3, "change_message": ""}}, {"model": "admin.logentry", "pk": 88, "fields": {"action_time": "2022-04-12T03:38:23.541Z", "user": 3, "content_type": 8, "object_id": "229", "object_repr": "SignupCode object (229)", "action_flag": 3, "change_message": ""}}, {"model": "admin.logentry", "pk": 89, "fields": {"action_time": "2022-04-12T03:38:23.543Z", "user": 3, "content_type": 8, "object_id": "228", "object_repr": "SignupCode object (228)", "action_flag": 3, "change_message": ""}}, {"model": "admin.logentry", "pk": 90, "fields": {"action_time": "2022-04-12T03:38:23.544Z", "user": 3, "content_type": 8, "object_id": "227", "object_repr": "SignupCode object (227)", "action_flag": 3, "change_message": ""}}, {"model": "admin.logentry", "pk": 91, "fields": {"action_time": "2022-04-12T03:38:23.564Z", "user": 3, "content_type": 8, "object_id": "226", "object_repr": "SignupCode object (226)", "action_flag": 3, "change_message": ""}}, {"model": "admin.logentry", "pk": 92, "fields": {"action_time": "2022-04-12T03:38:23.577Z", "user": 3, "content_type": 8, "object_id": "225", "object_repr": "SignupCode object (225)", "action_flag": 3, "change_message": ""}}, {"model": "admin.logentry", "pk": 93, "fields": {"action_time": "2022-04-12T03:38:23.579Z", "user": 3, "content_type": 8, "object_id": "224", "object_repr": "SignupCode object (224)", "action_flag": 3, "change_message": ""}}, {"model": "admin.logentry", "pk": 94, "fields": {"action_time": "2022-04-12T03:38:23.582Z", "user": 3, "content_type": 8, "object_id": "223", "object_repr": "SignupCode object (223)", "action_flag": 3, "change_message": ""}}, {"model": "admin.logentry", "pk": 95, "fields": {"action_time": "2022-04-12T03:38:23.584Z", "user": 3, "content_type": 8, "object_id": "222", "object_repr": "SignupCode object (222)", "action_flag": 3, "change_message": ""}}, {"model": "admin.logentry", "pk": 96, "fields": {"action_time": "2022-04-12T03:38:23.585Z", "user": 3, "content_type": 8, "object_id": "221", "object_repr": "SignupCode object (221)", "action_flag": 3, "change_message": ""}}, {"model": "admin.logentry", "pk": 97, "fields": {"action_time": "2022-04-12T03:38:23.587Z", "user": 3, "content_type": 8, "object_id": "220", "object_repr": "SignupCode object (220)", "action_flag": 3, "change_message": ""}}, {"model": "admin.logentry", "pk": 98, "fields": {"action_time": "2022-04-12T03:38:23.588Z", "user": 3, "content_type": 8, "object_id": "219", "object_repr": "SignupCode object (219)", "action_flag": 3, "change_message": ""}}, {"model": "admin.logentry", "pk": 99, "fields": {"action_time": "2022-04-12T03:38:23.590Z", "user": 3, "content_type": 8, "object_id": "218", "object_repr": "SignupCode object (218)", "action_flag": 3, "change_message": ""}}, {"model": "admin.logentry", "pk": 100, "fields": {"action_time": "2022-04-12T03:38:23.592Z", "user": 3, "content_type": 8, "object_id": "217", "object_repr": "SignupCode object (217)", "action_flag": 3, "change_message": ""}}, {"model": "admin.logentry", "pk": 101, "fields": {"action_time": "2022-04-12T03:38:23.594Z", "user": 3, "content_type": 8, "object_id": "216", "object_repr": "SignupCode object (216)", "action_flag": 3, "change_message": ""}}, {"model": "admin.logentry", "pk": 102, "fields": {"action_time": "2022-04-12T03:38:23.596Z", "user": 3, "content_type": 8, "object_id": "215", "object_repr": "SignupCode object (215)", "action_flag": 3, "change_message": ""}}, {"model": "admin.logentry", "pk": 103, "fields": {"action_time": "2022-04-12T03:38:23.598Z", "user": 3, "content_type": 8, "object_id": "214", "object_repr": "SignupCode object (214)", "action_flag": 3, "change_message": ""}}, {"model": "admin.logentry", "pk": 104, "fields": {"action_time": "2022-04-12T03:38:23.599Z", "user": 3, "content_type": 8, "object_id": "213", "object_repr": "SignupCode object (213)", "action_flag": 3, "change_message": ""}}, {"model": "admin.logentry", "pk": 105, "fields": {"action_time": "2022-04-12T03:38:23.600Z", "user": 3, "content_type": 8, "object_id": "212", "object_repr": "SignupCode object (212)", "action_flag": 3, "change_message": ""}}, {"model": "admin.logentry", "pk": 106, "fields": {"action_time": "2022-04-12T03:38:23.602Z", "user": 3, "content_type": 8, "object_id": "211", "object_repr": "SignupCode object (211)", "action_flag": 3, "change_message": ""}}, {"model": "admin.logentry", "pk": 107, "fields": {"action_time": "2022-04-12T03:38:23.604Z", "user": 3, "content_type": 8, "object_id": "210", "object_repr": "SignupCode object (210)", "action_flag": 3, "change_message": ""}}, {"model": "admin.logentry", "pk": 108, "fields": {"action_time": "2022-04-12T03:38:23.606Z", "user": 3, "content_type": 8, "object_id": "209", "object_repr": "SignupCode object (209)", "action_flag": 3, "change_message": ""}}, {"model": "admin.logentry", "pk": 109, "fields": {"action_time": "2022-04-12T03:38:23.608Z", "user": 3, "content_type": 8, "object_id": "208", "object_repr": "SignupCode object (208)", "action_flag": 3, "change_message": ""}}, {"model": "admin.logentry", "pk": 110, "fields": {"action_time": "2022-04-12T03:38:23.610Z", "user": 3, "content_type": 8, "object_id": "207", "object_repr": "SignupCode object (207)", "action_flag": 3, "change_message": ""}}, {"model": "admin.logentry", "pk": 111, "fields": {"action_time": "2022-04-12T03:38:23.612Z", "user": 3, "content_type": 8, "object_id": "206", "object_repr": "SignupCode object (206)", "action_flag": 3, "change_message": ""}}, {"model": "admin.logentry", "pk": 112, "fields": {"action_time": "2022-04-12T03:38:23.613Z", "user": 3, "content_type": 8, "object_id": "205", "object_repr": "SignupCode object (205)", "action_flag": 3, "change_message": ""}}, {"model": "admin.logentry", "pk": 113, "fields": {"action_time": "2022-04-12T03:38:23.615Z", "user": 3, "content_type": 8, "object_id": "204", "object_repr": "SignupCode object (204)", "action_flag": 3, "change_message": ""}}, {"model": "admin.logentry", "pk": 114, "fields": {"action_time": "2022-04-12T03:38:23.616Z", "user": 3, "content_type": 8, "object_id": "203", "object_repr": "SignupCode object (203)", "action_flag": 3, "change_message": ""}}, {"model": "admin.logentry", "pk": 115, "fields": {"action_time": "2022-04-12T03:38:23.618Z", "user": 3, "content_type": 8, "object_id": "202", "object_repr": "SignupCode object (202)", "action_flag": 3, "change_message": ""}}, {"model": "admin.logentry", "pk": 116, "fields": {"action_time": "2022-04-12T03:38:23.620Z", "user": 3, "content_type": 8, "object_id": "201", "object_repr": "SignupCode object (201)", "action_flag": 3, "change_message": ""}}, {"model": "admin.logentry", "pk": 117, "fields": {"action_time": "2022-04-12T03:38:23.621Z", "user": 3, "content_type": 8, "object_id": "200", "object_repr": "SignupCode object (200)", "action_flag": 3, "change_message": ""}}, {"model": "admin.logentry", "pk": 118, "fields": {"action_time": "2022-04-12T03:38:23.623Z", "user": 3, "content_type": 8, "object_id": "199", "object_repr": "SignupCode object (199)", "action_flag": 3, "change_message": ""}}, {"model": "admin.logentry", "pk": 119, "fields": {"action_time": "2022-04-12T03:38:23.624Z", "user": 3, "content_type": 8, "object_id": "198", "object_repr": "SignupCode object (198)", "action_flag": 3, "change_message": ""}}, {"model": "admin.logentry", "pk": 120, "fields": {"action_time": "2022-04-12T03:38:23.625Z", "user": 3, "content_type": 8, "object_id": "197", "object_repr": "SignupCode object (197)", "action_flag": 3, "change_message": ""}}, {"model": "admin.logentry", "pk": 121, "fields": {"action_time": "2022-04-12T03:38:23.627Z", "user": 3, "content_type": 8, "object_id": "196", "object_repr": "SignupCode object (196)", "action_flag": 3, "change_message": ""}}, {"model": "admin.logentry", "pk": 122, "fields": {"action_time": "2022-04-12T03:38:23.628Z", "user": 3, "content_type": 8, "object_id": "195", "object_repr": "SignupCode object (195)", "action_flag": 3, "change_message": ""}}, {"model": "admin.logentry", "pk": 123, "fields": {"action_time": "2022-04-12T03:38:23.630Z", "user": 3, "content_type": 8, "object_id": "194", "object_repr": "SignupCode object (194)", "action_flag": 3, "change_message": ""}}, {"model": "admin.logentry", "pk": 124, "fields": {"action_time": "2022-04-12T03:38:23.631Z", "user": 3, "content_type": 8, "object_id": "193", "object_repr": "SignupCode object (193)", "action_flag": 3, "change_message": ""}}, {"model": "admin.logentry", "pk": 125, "fields": {"action_time": "2022-04-12T03:38:23.633Z", "user": 3, "content_type": 8, "object_id": "192", "object_repr": "SignupCode object (192)", "action_flag": 3, "change_message": ""}}, {"model": "admin.logentry", "pk": 126, "fields": {"action_time": "2022-04-12T03:38:23.634Z", "user": 3, "content_type": 8, "object_id": "191", "object_repr": "SignupCode object (191)", "action_flag": 3, "change_message": ""}}, {"model": "admin.logentry", "pk": 127, "fields": {"action_time": "2022-04-12T03:38:23.636Z", "user": 3, "content_type": 8, "object_id": "190", "object_repr": "SignupCode object (190)", "action_flag": 3, "change_message": ""}}, {"model": "admin.logentry", "pk": 128, "fields": {"action_time": "2022-04-12T03:38:23.637Z", "user": 3, "content_type": 8, "object_id": "189", "object_repr": "SignupCode object (189)", "action_flag": 3, "change_message": ""}}, {"model": "admin.logentry", "pk": 129, "fields": {"action_time": "2022-04-12T03:38:23.638Z", "user": 3, "content_type": 8, "object_id": "188", "object_repr": "SignupCode object (188)", "action_flag": 3, "change_message": ""}}, {"model": "admin.logentry", "pk": 130, "fields": {"action_time": "2022-04-12T03:38:23.640Z", "user": 3, "content_type": 8, "object_id": "187", "object_repr": "SignupCode object (187)", "action_flag": 3, "change_message": ""}}, {"model": "admin.logentry", "pk": 131, "fields": {"action_time": "2022-04-12T03:38:23.641Z", "user": 3, "content_type": 8, "object_id": "186", "object_repr": "SignupCode object (186)", "action_flag": 3, "change_message": ""}}, {"model": "admin.logentry", "pk": 132, "fields": {"action_time": "2022-04-12T03:38:23.643Z", "user": 3, "content_type": 8, "object_id": "185", "object_repr": "SignupCode object (185)", "action_flag": 3, "change_message": ""}}, {"model": "admin.logentry", "pk": 133, "fields": {"action_time": "2022-04-12T03:38:23.644Z", "user": 3, "content_type": 8, "object_id": "184", "object_repr": "SignupCode object (184)", "action_flag": 3, "change_message": ""}}, {"model": "admin.logentry", "pk": 134, "fields": {"action_time": "2022-04-12T03:38:23.645Z", "user": 3, "content_type": 8, "object_id": "183", "object_repr": "SignupCode object (183)", "action_flag": 3, "change_message": ""}}, {"model": "admin.logentry", "pk": 135, "fields": {"action_time": "2022-04-12T03:38:23.647Z", "user": 3, "content_type": 8, "object_id": "182", "object_repr": "SignupCode object (182)", "action_flag": 3, "change_message": ""}}, {"model": "admin.logentry", "pk": 136, "fields": {"action_time": "2022-04-12T03:38:30.338Z", "user": 3, "content_type": 8, "object_id": "181", "object_repr": "SignupCode object (181)", "action_flag": 3, "change_message": ""}}, {"model": "admin.logentry", "pk": 137, "fields": {"action_time": "2022-04-12T03:38:30.342Z", "user": 3, "content_type": 8, "object_id": "180", "object_repr": "SignupCode object (180)", "action_flag": 3, "change_message": ""}}, {"model": "admin.logentry", "pk": 138, "fields": {"action_time": "2022-04-12T03:38:30.344Z", "user": 3, "content_type": 8, "object_id": "179", "object_repr": "SignupCode object (179)", "action_flag": 3, "change_message": ""}}, {"model": "admin.logentry", "pk": 139, "fields": {"action_time": "2022-04-12T03:38:30.346Z", "user": 3, "content_type": 8, "object_id": "178", "object_repr": "SignupCode object (178)", "action_flag": 3, "change_message": ""}}, {"model": "admin.logentry", "pk": 140, "fields": {"action_time": "2022-04-12T03:38:30.347Z", "user": 3, "content_type": 8, "object_id": "177", "object_repr": "SignupCode object (177)", "action_flag": 3, "change_message": ""}}, {"model": "admin.logentry", "pk": 141, "fields": {"action_time": "2022-04-12T03:38:30.349Z", "user": 3, "content_type": 8, "object_id": "176", "object_repr": "SignupCode object (176)", "action_flag": 3, "change_message": ""}}, {"model": "admin.logentry", "pk": 142, "fields": {"action_time": "2022-04-12T03:38:30.350Z", "user": 3, "content_type": 8, "object_id": "175", "object_repr": "SignupCode object (175)", "action_flag": 3, "change_message": ""}}, {"model": "admin.logentry", "pk": 143, "fields": {"action_time": "2022-04-12T03:38:30.352Z", "user": 3, "content_type": 8, "object_id": "174", "object_repr": "SignupCode object (174)", "action_flag": 3, "change_message": ""}}, {"model": "admin.logentry", "pk": 144, "fields": {"action_time": "2022-04-12T03:38:30.354Z", "user": 3, "content_type": 8, "object_id": "173", "object_repr": "SignupCode object (173)", "action_flag": 3, "change_message": ""}}, {"model": "admin.logentry", "pk": 145, "fields": {"action_time": "2022-04-12T03:38:30.356Z", "user": 3, "content_type": 8, "object_id": "172", "object_repr": "SignupCode object (172)", "action_flag": 3, "change_message": ""}}, {"model": "admin.logentry", "pk": 146, "fields": {"action_time": "2022-04-12T03:38:30.357Z", "user": 3, "content_type": 8, "object_id": "171", "object_repr": "SignupCode object (171)", "action_flag": 3, "change_message": ""}}, {"model": "admin.logentry", "pk": 147, "fields": {"action_time": "2022-04-12T03:38:30.359Z", "user": 3, "content_type": 8, "object_id": "170", "object_repr": "SignupCode object (170)", "action_flag": 3, "change_message": ""}}, {"model": "admin.logentry", "pk": 148, "fields": {"action_time": "2022-04-12T03:38:30.361Z", "user": 3, "content_type": 8, "object_id": "169", "object_repr": "SignupCode object (169)", "action_flag": 3, "change_message": ""}}, {"model": "admin.logentry", "pk": 149, "fields": {"action_time": "2022-04-12T03:38:30.363Z", "user": 3, "content_type": 8, "object_id": "168", "object_repr": "SignupCode object (168)", "action_flag": 3, "change_message": ""}}, {"model": "admin.logentry", "pk": 150, "fields": {"action_time": "2022-04-12T03:38:30.365Z", "user": 3, "content_type": 8, "object_id": "167", "object_repr": "SignupCode object (167)", "action_flag": 3, "change_message": ""}}, {"model": "admin.logentry", "pk": 151, "fields": {"action_time": "2022-04-12T03:38:30.366Z", "user": 3, "content_type": 8, "object_id": "166", "object_repr": "SignupCode object (166)", "action_flag": 3, "change_message": ""}}, {"model": "admin.logentry", "pk": 152, "fields": {"action_time": "2022-04-12T03:38:30.368Z", "user": 3, "content_type": 8, "object_id": "165", "object_repr": "SignupCode object (165)", "action_flag": 3, "change_message": ""}}, {"model": "admin.logentry", "pk": 153, "fields": {"action_time": "2022-04-12T03:38:30.369Z", "user": 3, "content_type": 8, "object_id": "164", "object_repr": "SignupCode object (164)", "action_flag": 3, "change_message": ""}}, {"model": "admin.logentry", "pk": 154, "fields": {"action_time": "2022-04-12T03:38:30.371Z", "user": 3, "content_type": 8, "object_id": "163", "object_repr": "SignupCode object (163)", "action_flag": 3, "change_message": ""}}, {"model": "admin.logentry", "pk": 155, "fields": {"action_time": "2022-04-12T03:38:30.373Z", "user": 3, "content_type": 8, "object_id": "162", "object_repr": "SignupCode object (162)", "action_flag": 3, "change_message": ""}}, {"model": "admin.logentry", "pk": 156, "fields": {"action_time": "2022-04-12T03:38:30.375Z", "user": 3, "content_type": 8, "object_id": "161", "object_repr": "SignupCode object (161)", "action_flag": 3, "change_message": ""}}, {"model": "admin.logentry", "pk": 157, "fields": {"action_time": "2022-04-12T03:38:30.376Z", "user": 3, "content_type": 8, "object_id": "160", "object_repr": "SignupCode object (160)", "action_flag": 3, "change_message": ""}}, {"model": "admin.logentry", "pk": 158, "fields": {"action_time": "2022-04-12T03:38:30.378Z", "user": 3, "content_type": 8, "object_id": "159", "object_repr": "SignupCode object (159)", "action_flag": 3, "change_message": ""}}, {"model": "admin.logentry", "pk": 159, "fields": {"action_time": "2022-04-12T03:38:30.379Z", "user": 3, "content_type": 8, "object_id": "158", "object_repr": "SignupCode object (158)", "action_flag": 3, "change_message": ""}}, {"model": "admin.logentry", "pk": 160, "fields": {"action_time": "2022-04-12T03:38:30.380Z", "user": 3, "content_type": 8, "object_id": "157", "object_repr": "SignupCode object (157)", "action_flag": 3, "change_message": ""}}, {"model": "admin.logentry", "pk": 161, "fields": {"action_time": "2022-04-12T03:38:30.382Z", "user": 3, "content_type": 8, "object_id": "156", "object_repr": "SignupCode object (156)", "action_flag": 3, "change_message": ""}}, {"model": "admin.logentry", "pk": 162, "fields": {"action_time": "2022-04-12T03:38:30.383Z", "user": 3, "content_type": 8, "object_id": "155", "object_repr": "SignupCode object (155)", "action_flag": 3, "change_message": ""}}, {"model": "admin.logentry", "pk": 163, "fields": {"action_time": "2022-04-12T03:38:30.385Z", "user": 3, "content_type": 8, "object_id": "154", "object_repr": "SignupCode object (154)", "action_flag": 3, "change_message": ""}}, {"model": "admin.logentry", "pk": 164, "fields": {"action_time": "2022-04-12T03:38:30.386Z", "user": 3, "content_type": 8, "object_id": "153", "object_repr": "SignupCode object (153)", "action_flag": 3, "change_message": ""}}, {"model": "admin.logentry", "pk": 165, "fields": {"action_time": "2022-04-12T03:38:30.388Z", "user": 3, "content_type": 8, "object_id": "152", "object_repr": "SignupCode object (152)", "action_flag": 3, "change_message": ""}}, {"model": "admin.logentry", "pk": 166, "fields": {"action_time": "2022-04-12T03:38:30.389Z", "user": 3, "content_type": 8, "object_id": "151", "object_repr": "SignupCode object (151)", "action_flag": 3, "change_message": ""}}, {"model": "admin.logentry", "pk": 167, "fields": {"action_time": "2022-04-12T03:38:30.391Z", "user": 3, "content_type": 8, "object_id": "150", "object_repr": "SignupCode object (150)", "action_flag": 3, "change_message": ""}}, {"model": "admin.logentry", "pk": 168, "fields": {"action_time": "2022-04-12T03:38:30.392Z", "user": 3, "content_type": 8, "object_id": "149", "object_repr": "SignupCode object (149)", "action_flag": 3, "change_message": ""}}, {"model": "admin.logentry", "pk": 169, "fields": {"action_time": "2022-04-12T03:38:30.394Z", "user": 3, "content_type": 8, "object_id": "148", "object_repr": "SignupCode object (148)", "action_flag": 3, "change_message": ""}}, {"model": "admin.logentry", "pk": 170, "fields": {"action_time": "2022-04-12T03:38:30.395Z", "user": 3, "content_type": 8, "object_id": "147", "object_repr": "SignupCode object (147)", "action_flag": 3, "change_message": ""}}, {"model": "admin.logentry", "pk": 171, "fields": {"action_time": "2022-04-12T03:38:30.397Z", "user": 3, "content_type": 8, "object_id": "146", "object_repr": "SignupCode object (146)", "action_flag": 3, "change_message": ""}}, {"model": "admin.logentry", "pk": 172, "fields": {"action_time": "2022-04-12T03:38:30.398Z", "user": 3, "content_type": 8, "object_id": "145", "object_repr": "SignupCode object (145)", "action_flag": 3, "change_message": ""}}, {"model": "admin.logentry", "pk": 173, "fields": {"action_time": "2022-04-12T03:38:30.399Z", "user": 3, "content_type": 8, "object_id": "144", "object_repr": "SignupCode object (144)", "action_flag": 3, "change_message": ""}}, {"model": "admin.logentry", "pk": 174, "fields": {"action_time": "2022-04-12T03:38:30.401Z", "user": 3, "content_type": 8, "object_id": "143", "object_repr": "SignupCode object (143)", "action_flag": 3, "change_message": ""}}, {"model": "admin.logentry", "pk": 175, "fields": {"action_time": "2022-04-12T03:38:30.403Z", "user": 3, "content_type": 8, "object_id": "142", "object_repr": "SignupCode object (142)", "action_flag": 3, "change_message": ""}}, {"model": "admin.logentry", "pk": 176, "fields": {"action_time": "2022-04-12T03:38:30.404Z", "user": 3, "content_type": 8, "object_id": "141", "object_repr": "SignupCode object (141)", "action_flag": 3, "change_message": ""}}, {"model": "admin.logentry", "pk": 177, "fields": {"action_time": "2022-04-12T03:38:30.406Z", "user": 3, "content_type": 8, "object_id": "140", "object_repr": "SignupCode object (140)", "action_flag": 3, "change_message": ""}}, {"model": "admin.logentry", "pk": 178, "fields": {"action_time": "2022-04-12T03:38:30.407Z", "user": 3, "content_type": 8, "object_id": "139", "object_repr": "SignupCode object (139)", "action_flag": 3, "change_message": ""}}, {"model": "admin.logentry", "pk": 179, "fields": {"action_time": "2022-04-12T03:38:30.409Z", "user": 3, "content_type": 8, "object_id": "138", "object_repr": "SignupCode object (138)", "action_flag": 3, "change_message": ""}}, {"model": "admin.logentry", "pk": 180, "fields": {"action_time": "2022-04-12T03:38:30.411Z", "user": 3, "content_type": 8, "object_id": "137", "object_repr": "SignupCode object (137)", "action_flag": 3, "change_message": ""}}, {"model": "admin.logentry", "pk": 181, "fields": {"action_time": "2022-04-12T03:38:30.413Z", "user": 3, "content_type": 8, "object_id": "136", "object_repr": "SignupCode object (136)", "action_flag": 3, "change_message": ""}}, {"model": "admin.logentry", "pk": 182, "fields": {"action_time": "2022-04-12T03:38:30.415Z", "user": 3, "content_type": 8, "object_id": "135", "object_repr": "SignupCode object (135)", "action_flag": 3, "change_message": ""}}, {"model": "admin.logentry", "pk": 183, "fields": {"action_time": "2022-04-12T03:38:30.416Z", "user": 3, "content_type": 8, "object_id": "134", "object_repr": "SignupCode object (134)", "action_flag": 3, "change_message": ""}}, {"model": "admin.logentry", "pk": 184, "fields": {"action_time": "2022-04-12T03:38:30.418Z", "user": 3, "content_type": 8, "object_id": "133", "object_repr": "SignupCode object (133)", "action_flag": 3, "change_message": ""}}, {"model": "admin.logentry", "pk": 185, "fields": {"action_time": "2022-04-12T03:38:30.420Z", "user": 3, "content_type": 8, "object_id": "132", "object_repr": "SignupCode object (132)", "action_flag": 3, "change_message": ""}}, {"model": "admin.logentry", "pk": 186, "fields": {"action_time": "2022-04-12T03:38:30.421Z", "user": 3, "content_type": 8, "object_id": "131", "object_repr": "SignupCode object (131)", "action_flag": 3, "change_message": ""}}, {"model": "admin.logentry", "pk": 187, "fields": {"action_time": "2022-04-12T03:38:30.423Z", "user": 3, "content_type": 8, "object_id": "130", "object_repr": "SignupCode object (130)", "action_flag": 3, "change_message": ""}}, {"model": "admin.logentry", "pk": 188, "fields": {"action_time": "2022-04-12T03:38:30.424Z", "user": 3, "content_type": 8, "object_id": "129", "object_repr": "SignupCode object (129)", "action_flag": 3, "change_message": ""}}, {"model": "admin.logentry", "pk": 189, "fields": {"action_time": "2022-04-12T03:38:30.426Z", "user": 3, "content_type": 8, "object_id": "128", "object_repr": "SignupCode object (128)", "action_flag": 3, "change_message": ""}}, {"model": "admin.logentry", "pk": 190, "fields": {"action_time": "2022-04-12T03:38:30.427Z", "user": 3, "content_type": 8, "object_id": "127", "object_repr": "SignupCode object (127)", "action_flag": 3, "change_message": ""}}, {"model": "admin.logentry", "pk": 191, "fields": {"action_time": "2022-04-12T03:38:30.428Z", "user": 3, "content_type": 8, "object_id": "126", "object_repr": "SignupCode object (126)", "action_flag": 3, "change_message": ""}}, {"model": "admin.logentry", "pk": 192, "fields": {"action_time": "2022-04-12T03:38:30.430Z", "user": 3, "content_type": 8, "object_id": "125", "object_repr": "SignupCode object (125)", "action_flag": 3, "change_message": ""}}, {"model": "admin.logentry", "pk": 193, "fields": {"action_time": "2022-04-12T03:38:30.431Z", "user": 3, "content_type": 8, "object_id": "124", "object_repr": "SignupCode object (124)", "action_flag": 3, "change_message": ""}}, {"model": "admin.logentry", "pk": 194, "fields": {"action_time": "2022-04-12T03:38:30.433Z", "user": 3, "content_type": 8, "object_id": "123", "object_repr": "SignupCode object (123)", "action_flag": 3, "change_message": ""}}, {"model": "admin.logentry", "pk": 195, "fields": {"action_time": "2022-04-12T03:38:30.435Z", "user": 3, "content_type": 8, "object_id": "122", "object_repr": "SignupCode object (122)", "action_flag": 3, "change_message": ""}}, {"model": "admin.logentry", "pk": 196, "fields": {"action_time": "2022-04-12T03:38:30.437Z", "user": 3, "content_type": 8, "object_id": "121", "object_repr": "SignupCode object (121)", "action_flag": 3, "change_message": ""}}, {"model": "admin.logentry", "pk": 197, "fields": {"action_time": "2022-04-12T03:38:30.438Z", "user": 3, "content_type": 8, "object_id": "120", "object_repr": "SignupCode object (120)", "action_flag": 3, "change_message": ""}}, {"model": "admin.logentry", "pk": 198, "fields": {"action_time": "2022-04-12T03:38:30.439Z", "user": 3, "content_type": 8, "object_id": "119", "object_repr": "SignupCode object (119)", "action_flag": 3, "change_message": ""}}, {"model": "admin.logentry", "pk": 199, "fields": {"action_time": "2022-04-12T03:38:30.441Z", "user": 3, "content_type": 8, "object_id": "118", "object_repr": "SignupCode object (118)", "action_flag": 3, "change_message": ""}}, {"model": "admin.logentry", "pk": 200, "fields": {"action_time": "2022-04-12T03:38:30.442Z", "user": 3, "content_type": 8, "object_id": "117", "object_repr": "SignupCode object (117)", "action_flag": 3, "change_message": ""}}, {"model": "admin.logentry", "pk": 201, "fields": {"action_time": "2022-04-12T03:38:30.443Z", "user": 3, "content_type": 8, "object_id": "116", "object_repr": "SignupCode object (116)", "action_flag": 3, "change_message": ""}}, {"model": "admin.logentry", "pk": 202, "fields": {"action_time": "2022-04-12T03:38:30.444Z", "user": 3, "content_type": 8, "object_id": "115", "object_repr": "SignupCode object (115)", "action_flag": 3, "change_message": ""}}, {"model": "admin.logentry", "pk": 203, "fields": {"action_time": "2022-04-12T03:38:30.446Z", "user": 3, "content_type": 8, "object_id": "114", "object_repr": "SignupCode object (114)", "action_flag": 3, "change_message": ""}}, {"model": "admin.logentry", "pk": 204, "fields": {"action_time": "2022-04-12T03:38:30.447Z", "user": 3, "content_type": 8, "object_id": "113", "object_repr": "SignupCode object (113)", "action_flag": 3, "change_message": ""}}, {"model": "admin.logentry", "pk": 205, "fields": {"action_time": "2022-04-12T03:38:30.448Z", "user": 3, "content_type": 8, "object_id": "112", "object_repr": "SignupCode object (112)", "action_flag": 3, "change_message": ""}}, {"model": "admin.logentry", "pk": 206, "fields": {"action_time": "2022-04-12T03:38:30.450Z", "user": 3, "content_type": 8, "object_id": "111", "object_repr": "SignupCode object (111)", "action_flag": 3, "change_message": ""}}, {"model": "admin.logentry", "pk": 207, "fields": {"action_time": "2022-04-12T03:38:30.451Z", "user": 3, "content_type": 8, "object_id": "110", "object_repr": "SignupCode object (110)", "action_flag": 3, "change_message": ""}}, {"model": "admin.logentry", "pk": 208, "fields": {"action_time": "2022-04-12T03:38:30.453Z", "user": 3, "content_type": 8, "object_id": "109", "object_repr": "SignupCode object (109)", "action_flag": 3, "change_message": ""}}, {"model": "admin.logentry", "pk": 209, "fields": {"action_time": "2022-04-12T03:38:30.455Z", "user": 3, "content_type": 8, "object_id": "108", "object_repr": "SignupCode object (108)", "action_flag": 3, "change_message": ""}}, {"model": "admin.logentry", "pk": 210, "fields": {"action_time": "2022-04-12T03:38:30.456Z", "user": 3, "content_type": 8, "object_id": "107", "object_repr": "SignupCode object (107)", "action_flag": 3, "change_message": ""}}, {"model": "admin.logentry", "pk": 211, "fields": {"action_time": "2022-04-12T03:38:30.458Z", "user": 3, "content_type": 8, "object_id": "106", "object_repr": "SignupCode object (106)", "action_flag": 3, "change_message": ""}}, {"model": "admin.logentry", "pk": 212, "fields": {"action_time": "2022-04-12T03:38:30.459Z", "user": 3, "content_type": 8, "object_id": "105", "object_repr": "SignupCode object (105)", "action_flag": 3, "change_message": ""}}, {"model": "admin.logentry", "pk": 213, "fields": {"action_time": "2022-04-12T03:38:30.460Z", "user": 3, "content_type": 8, "object_id": "104", "object_repr": "SignupCode object (104)", "action_flag": 3, "change_message": ""}}, {"model": "admin.logentry", "pk": 214, "fields": {"action_time": "2022-04-12T03:38:30.461Z", "user": 3, "content_type": 8, "object_id": "103", "object_repr": "SignupCode object (103)", "action_flag": 3, "change_message": ""}}, {"model": "admin.logentry", "pk": 215, "fields": {"action_time": "2022-04-12T03:38:30.463Z", "user": 3, "content_type": 8, "object_id": "102", "object_repr": "SignupCode object (102)", "action_flag": 3, "change_message": ""}}, {"model": "admin.logentry", "pk": 216, "fields": {"action_time": "2022-04-12T03:38:30.464Z", "user": 3, "content_type": 8, "object_id": "101", "object_repr": "SignupCode object (101)", "action_flag": 3, "change_message": ""}}, {"model": "admin.logentry", "pk": 217, "fields": {"action_time": "2022-04-12T03:38:30.465Z", "user": 3, "content_type": 8, "object_id": "100", "object_repr": "SignupCode object (100)", "action_flag": 3, "change_message": ""}}, {"model": "admin.logentry", "pk": 218, "fields": {"action_time": "2022-04-12T03:38:30.466Z", "user": 3, "content_type": 8, "object_id": "99", "object_repr": "SignupCode object (99)", "action_flag": 3, "change_message": ""}}, {"model": "admin.logentry", "pk": 219, "fields": {"action_time": "2022-04-12T03:38:30.467Z", "user": 3, "content_type": 8, "object_id": "98", "object_repr": "SignupCode object (98)", "action_flag": 3, "change_message": ""}}, {"model": "admin.logentry", "pk": 220, "fields": {"action_time": "2022-04-12T03:38:30.469Z", "user": 3, "content_type": 8, "object_id": "97", "object_repr": "SignupCode object (97)", "action_flag": 3, "change_message": ""}}, {"model": "admin.logentry", "pk": 221, "fields": {"action_time": "2022-04-12T03:38:30.470Z", "user": 3, "content_type": 8, "object_id": "96", "object_repr": "SignupCode object (96)", "action_flag": 3, "change_message": ""}}, {"model": "admin.logentry", "pk": 222, "fields": {"action_time": "2022-04-12T03:38:30.472Z", "user": 3, "content_type": 8, "object_id": "95", "object_repr": "SignupCode object (95)", "action_flag": 3, "change_message": ""}}, {"model": "admin.logentry", "pk": 223, "fields": {"action_time": "2022-04-12T03:38:30.473Z", "user": 3, "content_type": 8, "object_id": "94", "object_repr": "SignupCode object (94)", "action_flag": 3, "change_message": ""}}, {"model": "admin.logentry", "pk": 224, "fields": {"action_time": "2022-04-12T03:38:30.474Z", "user": 3, "content_type": 8, "object_id": "93", "object_repr": "SignupCode object (93)", "action_flag": 3, "change_message": ""}}, {"model": "admin.logentry", "pk": 225, "fields": {"action_time": "2022-04-12T03:38:30.475Z", "user": 3, "content_type": 8, "object_id": "92", "object_repr": "SignupCode object (92)", "action_flag": 3, "change_message": ""}}, {"model": "admin.logentry", "pk": 226, "fields": {"action_time": "2022-04-12T03:38:30.476Z", "user": 3, "content_type": 8, "object_id": "91", "object_repr": "SignupCode object (91)", "action_flag": 3, "change_message": ""}}, {"model": "admin.logentry", "pk": 227, "fields": {"action_time": "2022-04-12T03:38:30.478Z", "user": 3, "content_type": 8, "object_id": "90", "object_repr": "SignupCode object (90)", "action_flag": 3, "change_message": ""}}, {"model": "admin.logentry", "pk": 228, "fields": {"action_time": "2022-04-12T03:38:30.479Z", "user": 3, "content_type": 8, "object_id": "89", "object_repr": "SignupCode object (89)", "action_flag": 3, "change_message": ""}}, {"model": "admin.logentry", "pk": 229, "fields": {"action_time": "2022-04-12T03:38:30.481Z", "user": 3, "content_type": 8, "object_id": "88", "object_repr": "SignupCode object (88)", "action_flag": 3, "change_message": ""}}, {"model": "admin.logentry", "pk": 230, "fields": {"action_time": "2022-04-12T03:38:30.482Z", "user": 3, "content_type": 8, "object_id": "87", "object_repr": "SignupCode object (87)", "action_flag": 3, "change_message": ""}}, {"model": "admin.logentry", "pk": 231, "fields": {"action_time": "2022-04-12T03:38:30.483Z", "user": 3, "content_type": 8, "object_id": "86", "object_repr": "SignupCode object (86)", "action_flag": 3, "change_message": ""}}, {"model": "admin.logentry", "pk": 232, "fields": {"action_time": "2022-04-12T03:38:30.484Z", "user": 3, "content_type": 8, "object_id": "85", "object_repr": "SignupCode object (85)", "action_flag": 3, "change_message": ""}}, {"model": "admin.logentry", "pk": 233, "fields": {"action_time": "2022-04-12T03:38:30.485Z", "user": 3, "content_type": 8, "object_id": "84", "object_repr": "SignupCode object (84)", "action_flag": 3, "change_message": ""}}, {"model": "admin.logentry", "pk": 234, "fields": {"action_time": "2022-04-12T03:38:30.486Z", "user": 3, "content_type": 8, "object_id": "83", "object_repr": "SignupCode object (83)", "action_flag": 3, "change_message": ""}}, {"model": "admin.logentry", "pk": 235, "fields": {"action_time": "2022-04-12T03:38:30.487Z", "user": 3, "content_type": 8, "object_id": "82", "object_repr": "SignupCode object (82)", "action_flag": 3, "change_message": ""}}, {"model": "admin.logentry", "pk": 236, "fields": {"action_time": "2022-04-12T03:38:47.509Z", "user": 3, "content_type": 8, "object_id": "81", "object_repr": "SignupCode object (81)", "action_flag": 3, "change_message": ""}}, {"model": "admin.logentry", "pk": 237, "fields": {"action_time": "2022-04-12T03:38:47.516Z", "user": 3, "content_type": 8, "object_id": "80", "object_repr": "SignupCode object (80)", "action_flag": 3, "change_message": ""}}, {"model": "admin.logentry", "pk": 238, "fields": {"action_time": "2022-04-12T03:38:47.518Z", "user": 3, "content_type": 8, "object_id": "79", "object_repr": "SignupCode object (79)", "action_flag": 3, "change_message": ""}}, {"model": "admin.logentry", "pk": 239, "fields": {"action_time": "2022-04-12T03:38:47.521Z", "user": 3, "content_type": 8, "object_id": "78", "object_repr": "SignupCode object (78)", "action_flag": 3, "change_message": ""}}, {"model": "admin.logentry", "pk": 240, "fields": {"action_time": "2022-04-12T03:38:47.523Z", "user": 3, "content_type": 8, "object_id": "77", "object_repr": "SignupCode object (77)", "action_flag": 3, "change_message": ""}}, {"model": "admin.logentry", "pk": 241, "fields": {"action_time": "2022-04-12T03:38:47.526Z", "user": 3, "content_type": 8, "object_id": "76", "object_repr": "SignupCode object (76)", "action_flag": 3, "change_message": ""}}, {"model": "admin.logentry", "pk": 242, "fields": {"action_time": "2022-04-12T03:38:47.528Z", "user": 3, "content_type": 8, "object_id": "75", "object_repr": "SignupCode object (75)", "action_flag": 3, "change_message": ""}}, {"model": "admin.logentry", "pk": 243, "fields": {"action_time": "2022-04-12T03:38:47.531Z", "user": 3, "content_type": 8, "object_id": "74", "object_repr": "SignupCode object (74)", "action_flag": 3, "change_message": ""}}, {"model": "admin.logentry", "pk": 244, "fields": {"action_time": "2022-04-12T03:38:47.533Z", "user": 3, "content_type": 8, "object_id": "73", "object_repr": "SignupCode object (73)", "action_flag": 3, "change_message": ""}}, {"model": "admin.logentry", "pk": 245, "fields": {"action_time": "2022-04-12T03:38:47.535Z", "user": 3, "content_type": 8, "object_id": "72", "object_repr": "SignupCode object (72)", "action_flag": 3, "change_message": ""}}, {"model": "admin.logentry", "pk": 246, "fields": {"action_time": "2022-04-12T03:38:47.536Z", "user": 3, "content_type": 8, "object_id": "71", "object_repr": "SignupCode object (71)", "action_flag": 3, "change_message": ""}}, {"model": "admin.logentry", "pk": 247, "fields": {"action_time": "2022-04-12T03:38:47.539Z", "user": 3, "content_type": 8, "object_id": "70", "object_repr": "SignupCode object (70)", "action_flag": 3, "change_message": ""}}, {"model": "admin.logentry", "pk": 248, "fields": {"action_time": "2022-04-12T03:38:47.541Z", "user": 3, "content_type": 8, "object_id": "69", "object_repr": "SignupCode object (69)", "action_flag": 3, "change_message": ""}}, {"model": "admin.logentry", "pk": 249, "fields": {"action_time": "2022-04-12T03:38:47.543Z", "user": 3, "content_type": 8, "object_id": "68", "object_repr": "SignupCode object (68)", "action_flag": 3, "change_message": ""}}, {"model": "admin.logentry", "pk": 250, "fields": {"action_time": "2022-04-12T03:38:47.544Z", "user": 3, "content_type": 8, "object_id": "67", "object_repr": "SignupCode object (67)", "action_flag": 3, "change_message": ""}}, {"model": "admin.logentry", "pk": 251, "fields": {"action_time": "2022-04-12T03:38:47.546Z", "user": 3, "content_type": 8, "object_id": "66", "object_repr": "SignupCode object (66)", "action_flag": 3, "change_message": ""}}, {"model": "admin.logentry", "pk": 252, "fields": {"action_time": "2022-04-12T03:38:47.548Z", "user": 3, "content_type": 8, "object_id": "65", "object_repr": "SignupCode object (65)", "action_flag": 3, "change_message": ""}}, {"model": "admin.logentry", "pk": 253, "fields": {"action_time": "2022-04-12T03:38:47.550Z", "user": 3, "content_type": 8, "object_id": "64", "object_repr": "SignupCode object (64)", "action_flag": 3, "change_message": ""}}, {"model": "admin.logentry", "pk": 254, "fields": {"action_time": "2022-04-12T03:38:47.551Z", "user": 3, "content_type": 8, "object_id": "63", "object_repr": "SignupCode object (63)", "action_flag": 3, "change_message": ""}}, {"model": "admin.logentry", "pk": 255, "fields": {"action_time": "2022-04-12T03:38:47.553Z", "user": 3, "content_type": 8, "object_id": "62", "object_repr": "SignupCode object (62)", "action_flag": 3, "change_message": ""}}, {"model": "admin.logentry", "pk": 256, "fields": {"action_time": "2022-04-12T03:38:47.555Z", "user": 3, "content_type": 8, "object_id": "61", "object_repr": "SignupCode object (61)", "action_flag": 3, "change_message": ""}}, {"model": "admin.logentry", "pk": 257, "fields": {"action_time": "2022-04-12T03:38:47.557Z", "user": 3, "content_type": 8, "object_id": "60", "object_repr": "SignupCode object (60)", "action_flag": 3, "change_message": ""}}, {"model": "admin.logentry", "pk": 258, "fields": {"action_time": "2022-04-12T03:38:47.558Z", "user": 3, "content_type": 8, "object_id": "59", "object_repr": "SignupCode object (59)", "action_flag": 3, "change_message": ""}}, {"model": "admin.logentry", "pk": 259, "fields": {"action_time": "2022-04-12T03:38:47.560Z", "user": 3, "content_type": 8, "object_id": "58", "object_repr": "SignupCode object (58)", "action_flag": 3, "change_message": ""}}, {"model": "admin.logentry", "pk": 260, "fields": {"action_time": "2022-04-12T03:38:47.561Z", "user": 3, "content_type": 8, "object_id": "57", "object_repr": "SignupCode object (57)", "action_flag": 3, "change_message": ""}}, {"model": "admin.logentry", "pk": 261, "fields": {"action_time": "2022-04-12T03:38:47.563Z", "user": 3, "content_type": 8, "object_id": "56", "object_repr": "SignupCode object (56)", "action_flag": 3, "change_message": ""}}, {"model": "admin.logentry", "pk": 262, "fields": {"action_time": "2022-04-12T03:38:47.564Z", "user": 3, "content_type": 8, "object_id": "55", "object_repr": "SignupCode object (55)", "action_flag": 3, "change_message": ""}}, {"model": "admin.logentry", "pk": 263, "fields": {"action_time": "2022-04-12T03:38:47.566Z", "user": 3, "content_type": 8, "object_id": "54", "object_repr": "SignupCode object (54)", "action_flag": 3, "change_message": ""}}, {"model": "admin.logentry", "pk": 264, "fields": {"action_time": "2022-04-12T03:38:47.567Z", "user": 3, "content_type": 8, "object_id": "53", "object_repr": "SignupCode object (53)", "action_flag": 3, "change_message": ""}}, {"model": "admin.logentry", "pk": 265, "fields": {"action_time": "2022-04-12T03:38:47.568Z", "user": 3, "content_type": 8, "object_id": "52", "object_repr": "SignupCode object (52)", "action_flag": 3, "change_message": ""}}, {"model": "admin.logentry", "pk": 266, "fields": {"action_time": "2022-04-12T03:38:47.570Z", "user": 3, "content_type": 8, "object_id": "51", "object_repr": "SignupCode object (51)", "action_flag": 3, "change_message": ""}}, {"model": "admin.logentry", "pk": 267, "fields": {"action_time": "2022-04-12T03:38:47.572Z", "user": 3, "content_type": 8, "object_id": "50", "object_repr": "SignupCode object (50)", "action_flag": 3, "change_message": ""}}, {"model": "admin.logentry", "pk": 268, "fields": {"action_time": "2022-04-12T03:38:47.574Z", "user": 3, "content_type": 8, "object_id": "49", "object_repr": "SignupCode object (49)", "action_flag": 3, "change_message": ""}}, {"model": "admin.logentry", "pk": 269, "fields": {"action_time": "2022-04-12T03:38:47.575Z", "user": 3, "content_type": 8, "object_id": "48", "object_repr": "SignupCode object (48)", "action_flag": 3, "change_message": ""}}, {"model": "admin.logentry", "pk": 270, "fields": {"action_time": "2022-04-12T03:38:47.576Z", "user": 3, "content_type": 8, "object_id": "47", "object_repr": "SignupCode object (47)", "action_flag": 3, "change_message": ""}}, {"model": "admin.logentry", "pk": 271, "fields": {"action_time": "2022-04-12T03:38:47.578Z", "user": 3, "content_type": 8, "object_id": "46", "object_repr": "SignupCode object (46)", "action_flag": 3, "change_message": ""}}, {"model": "admin.logentry", "pk": 272, "fields": {"action_time": "2022-04-12T03:38:47.579Z", "user": 3, "content_type": 8, "object_id": "45", "object_repr": "SignupCode object (45)", "action_flag": 3, "change_message": ""}}, {"model": "admin.logentry", "pk": 273, "fields": {"action_time": "2022-04-12T03:38:47.580Z", "user": 3, "content_type": 8, "object_id": "44", "object_repr": "SignupCode object (44)", "action_flag": 3, "change_message": ""}}, {"model": "admin.logentry", "pk": 274, "fields": {"action_time": "2022-04-12T03:38:47.582Z", "user": 3, "content_type": 8, "object_id": "43", "object_repr": "SignupCode object (43)", "action_flag": 3, "change_message": ""}}, {"model": "admin.logentry", "pk": 275, "fields": {"action_time": "2022-04-12T03:38:47.583Z", "user": 3, "content_type": 8, "object_id": "42", "object_repr": "SignupCode object (42)", "action_flag": 3, "change_message": ""}}, {"model": "admin.logentry", "pk": 276, "fields": {"action_time": "2022-04-12T03:38:47.584Z", "user": 3, "content_type": 8, "object_id": "41", "object_repr": "SignupCode object (41)", "action_flag": 3, "change_message": ""}}, {"model": "admin.logentry", "pk": 277, "fields": {"action_time": "2022-04-12T03:38:47.586Z", "user": 3, "content_type": 8, "object_id": "40", "object_repr": "SignupCode object (40)", "action_flag": 3, "change_message": ""}}, {"model": "admin.logentry", "pk": 278, "fields": {"action_time": "2022-04-12T03:38:47.587Z", "user": 3, "content_type": 8, "object_id": "39", "object_repr": "SignupCode object (39)", "action_flag": 3, "change_message": ""}}, {"model": "admin.logentry", "pk": 279, "fields": {"action_time": "2022-04-12T03:38:47.588Z", "user": 3, "content_type": 8, "object_id": "38", "object_repr": "SignupCode object (38)", "action_flag": 3, "change_message": ""}}, {"model": "admin.logentry", "pk": 280, "fields": {"action_time": "2022-04-12T03:38:47.589Z", "user": 3, "content_type": 8, "object_id": "37", "object_repr": "SignupCode object (37)", "action_flag": 3, "change_message": ""}}, {"model": "admin.logentry", "pk": 281, "fields": {"action_time": "2022-04-12T03:38:47.591Z", "user": 3, "content_type": 8, "object_id": "36", "object_repr": "SignupCode object (36)", "action_flag": 3, "change_message": ""}}, {"model": "admin.logentry", "pk": 282, "fields": {"action_time": "2022-04-12T03:38:47.592Z", "user": 3, "content_type": 8, "object_id": "35", "object_repr": "SignupCode object (35)", "action_flag": 3, "change_message": ""}}, {"model": "admin.logentry", "pk": 283, "fields": {"action_time": "2022-04-12T03:38:47.594Z", "user": 3, "content_type": 8, "object_id": "34", "object_repr": "SignupCode object (34)", "action_flag": 3, "change_message": ""}}, {"model": "admin.logentry", "pk": 284, "fields": {"action_time": "2022-04-12T03:38:47.595Z", "user": 3, "content_type": 8, "object_id": "33", "object_repr": "SignupCode object (33)", "action_flag": 3, "change_message": ""}}, {"model": "admin.logentry", "pk": 285, "fields": {"action_time": "2022-04-12T03:38:47.596Z", "user": 3, "content_type": 8, "object_id": "32", "object_repr": "SignupCode object (32)", "action_flag": 3, "change_message": ""}}, {"model": "admin.logentry", "pk": 286, "fields": {"action_time": "2022-04-12T03:38:47.597Z", "user": 3, "content_type": 8, "object_id": "31", "object_repr": "SignupCode object (31)", "action_flag": 3, "change_message": ""}}, {"model": "admin.logentry", "pk": 287, "fields": {"action_time": "2022-04-12T03:38:47.599Z", "user": 3, "content_type": 8, "object_id": "30", "object_repr": "SignupCode object (30)", "action_flag": 3, "change_message": ""}}, {"model": "admin.logentry", "pk": 288, "fields": {"action_time": "2022-04-12T03:38:47.600Z", "user": 3, "content_type": 8, "object_id": "29", "object_repr": "SignupCode object (29)", "action_flag": 3, "change_message": ""}}, {"model": "admin.logentry", "pk": 289, "fields": {"action_time": "2022-04-12T03:38:47.601Z", "user": 3, "content_type": 8, "object_id": "28", "object_repr": "SignupCode object (28)", "action_flag": 3, "change_message": ""}}, {"model": "admin.logentry", "pk": 290, "fields": {"action_time": "2022-04-12T03:38:47.602Z", "user": 3, "content_type": 8, "object_id": "27", "object_repr": "SignupCode object (27)", "action_flag": 3, "change_message": ""}}, {"model": "admin.logentry", "pk": 291, "fields": {"action_time": "2022-04-12T03:38:47.603Z", "user": 3, "content_type": 8, "object_id": "26", "object_repr": "SignupCode object (26)", "action_flag": 3, "change_message": ""}}, {"model": "admin.logentry", "pk": 292, "fields": {"action_time": "2022-04-12T03:38:47.604Z", "user": 3, "content_type": 8, "object_id": "25", "object_repr": "SignupCode object (25)", "action_flag": 3, "change_message": ""}}, {"model": "admin.logentry", "pk": 293, "fields": {"action_time": "2022-04-12T03:38:47.605Z", "user": 3, "content_type": 8, "object_id": "24", "object_repr": "SignupCode object (24)", "action_flag": 3, "change_message": ""}}, {"model": "admin.logentry", "pk": 294, "fields": {"action_time": "2022-04-12T03:38:47.606Z", "user": 3, "content_type": 8, "object_id": "23", "object_repr": "SignupCode object (23)", "action_flag": 3, "change_message": ""}}, {"model": "admin.logentry", "pk": 295, "fields": {"action_time": "2022-04-12T03:38:47.608Z", "user": 3, "content_type": 8, "object_id": "22", "object_repr": "SignupCode object (22)", "action_flag": 3, "change_message": ""}}, {"model": "admin.logentry", "pk": 296, "fields": {"action_time": "2022-04-12T03:38:47.609Z", "user": 3, "content_type": 8, "object_id": "21", "object_repr": "SignupCode object (21)", "action_flag": 3, "change_message": ""}}, {"model": "admin.logentry", "pk": 297, "fields": {"action_time": "2022-04-12T03:38:47.610Z", "user": 3, "content_type": 8, "object_id": "20", "object_repr": "SignupCode object (20)", "action_flag": 3, "change_message": ""}}, {"model": "admin.logentry", "pk": 298, "fields": {"action_time": "2022-04-12T03:38:47.612Z", "user": 3, "content_type": 8, "object_id": "19", "object_repr": "SignupCode object (19)", "action_flag": 3, "change_message": ""}}, {"model": "admin.logentry", "pk": 299, "fields": {"action_time": "2022-04-12T03:38:47.613Z", "user": 3, "content_type": 8, "object_id": "18", "object_repr": "SignupCode object (18)", "action_flag": 3, "change_message": ""}}, {"model": "admin.logentry", "pk": 300, "fields": {"action_time": "2022-04-12T03:38:47.614Z", "user": 3, "content_type": 8, "object_id": "17", "object_repr": "SignupCode object (17)", "action_flag": 3, "change_message": ""}}, {"model": "admin.logentry", "pk": 301, "fields": {"action_time": "2022-04-12T03:38:47.615Z", "user": 3, "content_type": 8, "object_id": "16", "object_repr": "SignupCode object (16)", "action_flag": 3, "change_message": ""}}, {"model": "admin.logentry", "pk": 302, "fields": {"action_time": "2022-04-12T03:38:47.617Z", "user": 3, "content_type": 8, "object_id": "15", "object_repr": "SignupCode object (15)", "action_flag": 3, "change_message": ""}}, {"model": "admin.logentry", "pk": 303, "fields": {"action_time": "2022-04-12T03:38:47.618Z", "user": 3, "content_type": 8, "object_id": "14", "object_repr": "SignupCode object (14)", "action_flag": 3, "change_message": ""}}, {"model": "admin.logentry", "pk": 304, "fields": {"action_time": "2022-04-12T03:38:47.619Z", "user": 3, "content_type": 8, "object_id": "13", "object_repr": "SignupCode object (13)", "action_flag": 3, "change_message": ""}}, {"model": "admin.logentry", "pk": 305, "fields": {"action_time": "2022-04-12T03:38:47.621Z", "user": 3, "content_type": 8, "object_id": "12", "object_repr": "SignupCode object (12)", "action_flag": 3, "change_message": ""}}, {"model": "admin.logentry", "pk": 306, "fields": {"action_time": "2022-04-12T03:38:47.622Z", "user": 3, "content_type": 8, "object_id": "11", "object_repr": "SignupCode object (11)", "action_flag": 3, "change_message": ""}}, {"model": "admin.logentry", "pk": 307, "fields": {"action_time": "2022-04-12T03:39:13.726Z", "user": 3, "content_type": 11, "object_id": "1", "object_repr": "Day 2022-03-25 07:00:00+00:00 Time: User user1@gmail.com", "action_flag": 3, "change_message": ""}}, {"model": "admin.logentry", "pk": 308, "fields": {"action_time": "2022-04-12T03:39:25.013Z", "user": 3, "content_type": 1, "object_id": "2", "object_repr": "user2@gmail.com", "action_flag": 3, "change_message": ""}}, {"model": "admin.logentry", "pk": 309, "fields": {"action_time": "2022-04-12T03:39:25.016Z", "user": 3, "content_type": 1, "object_id": "11", "object_repr": "xajiha@mailinator.com", "action_flag": 3, "change_message": ""}}, {"model": "admin.logentry", "pk": 310, "fields": {"action_time": "2022-04-12T03:39:34.322Z", "user": 3, "content_type": 1, "object_id": "7", "object_repr": "gucycy@mailinator.com", "action_flag": 3, "change_message": ""}}, {"model": "admin.logentry", "pk": 311, "fields": {"action_time": "2022-04-12T03:39:34.330Z", "user": 3, "content_type": 1, "object_id": "6", "object_repr": "jucygiwise@mailinator.com", "action_flag": 3, "change_message": ""}}, {"model": "admin.logentry", "pk": 312, "fields": {"action_time": "2022-04-12T03:39:34.332Z", "user": 3, "content_type": 1, "object_id": "13", "object_repr": "jypede@mailinator.com", "action_flag": 3, "change_message": ""}}, {"model": "admin.logentry", "pk": 313, "fields": {"action_time": "2022-04-12T03:39:34.334Z", "user": 3, "content_type": 1, "object_id": "5", "object_repr": "myhotujo@mailinator.com", "action_flag": 3, "change_message": ""}}, {"model": "admin.logentry", "pk": 314, "fields": {"action_time": "2022-04-12T03:39:34.336Z", "user": 3, "content_type": 1, "object_id": "8", "object_repr": "tacimeqon@mailinator.com", "action_flag": 3, "change_message": ""}}, {"model": "admin.logentry", "pk": 315, "fields": {"action_time": "2022-04-12T03:39:34.338Z", "user": 3, "content_type": 1, "object_id": "15", "object_repr": "tehib@mailinator.com", "action_flag": 3, "change_message": ""}}, {"model": "admin.logentry", "pk": 316, "fields": {"action_time": "2022-04-12T03:55:37.349Z", "user": 3, "content_type": 1, "object_id": "17", "object_repr": "fabio@gmail.com", "action_flag": 1, "change_message": "[{\"added\": {}}]"}}, {"model": "admin.logentry", "pk": 317, "fields": {"action_time": "2022-04-12T03:55:45.502Z", "user": 3, "content_type": 1, "object_id": "17", "object_repr": "fabio@gmail.com", "action_flag": 2, "change_message": "[{\"changed\": {\"fields\": [\"Condo\", \"Phone number\"]}}]"}}, {"model": "admin.logentry", "pk": 318, "fields": {"action_time": "2022-04-12T03:56:53.658Z", "user": 3, "content_type": 3, "object_id": "5", "object_repr": "Room Name: Ball Room   Condo: Condo First", "action_flag": 1, "change_message": "[{\"added\": {}}]"}}, {"model": "admin.logentry", "pk": 319, "fields": {"action_time": "2022-04-12T03:57:06.543Z", "user": 3, "content_type": 3, "object_id": "6", "object_repr": "Room Name: Office Room   Condo: Condo First", "action_flag": 1, "change_message": "[{\"added\": {}}]"}}, {"model": "admin.logentry", "pk": 320, "fields": {"action_time": "2022-04-12T03:57:57.406Z", "user": 3, "content_type": 4, "object_id": "6", "object_repr": "Stall: 5 Type: V  on Condo: Condo Name: Condo First   Address: street 1234", "action_flag": 1, "change_message": "[{\"added\": {}}]"}}, {"model": "admin.logentry", "pk": 321, "fields": {"action_time": "2022-04-12T03:58:03.167Z", "user": 3, "content_type": 4, "object_id": "7", "object_repr": "Stall: 6 Type: V  on Condo: Condo Name: Condo First   Address: street 1234", "action_flag": 1, "change_message": "[{\"added\": {}}]"}}, {"model": "admin.logentry", "pk": 322, "fields": {"action_time": "2022-04-12T03:58:17.048Z", "user": 3, "content_type": 4, "object_id": "8", "object_repr": "Stall: A Type: V  on Condo: Condo Name: Building condo 2   Address: 8th avenue New Westminster", "action_flag": 1, "change_message": "[{\"added\": {}}]"}}, {"model": "admin.logentry", "pk": 323, "fields": {"action_time": "2022-04-12T03:58:23.278Z", "user": 3, "content_type": 4, "object_id": "9", "object_repr": "Stall: B Type: V  on Condo: Condo Name: Building condo 2   Address: 8th avenue New Westminster", "action_flag": 1, "change_message": "[{\"added\": {}}]"}}, {"model": "admin.logentry", "pk": 324, "fields": {"action_time": "2022-04-12T03:58:27.983Z", "user": 3, "content_type": 4, "object_id": "10", "object_repr": "Stall: C Type: V  on Condo: Condo Name: Building condo 2   Address: 8th avenue New Westminster", "action_flag": 1, "change_message": "[{\"added\": {}}]"}}, {"model": "admin.logentry", "pk": 325, "fields": {"action_time": "2022-04-12T03:58:31.895Z", "user": 3, "content_type": 4, "object_id": "11", "object_repr": "Stall: D Type: V  on Condo: Condo Name: Building condo 2   Address: 8th avenue New Westminster", "action_flag": 1, "change_message": "[{\"added\": {}}]"}}, {"model": "admin.logentry", "pk": 326, "fields": {"action_time": "2022-04-12T03:58:35.645Z", "user": 3, "content_type": 4, "object_id": "12", "object_repr": "Stall: E Type: V  on Condo: Condo Name: Building condo 2   Address: 8th avenue New Westminster", "action_flag": 1, "change_message": "[{\"added\": {}}]"}}, {"model": "admin.logentry", "pk": 327, "fields": {"action_time": "2022-04-12T03:58:49.142Z", "user": 3, "content_type": 4, "object_id": "13", "object_repr": "Stall: F Type: V  on Condo: Condo Name: Building condo 2   Address: 8th avenue New Westminster", "action_flag": 1, "change_message": "[{\"added\": {}}]"}}, {"model": "admin.logentry", "pk": 328, "fields": {"action_time": "2022-04-12T03:58:55.715Z", "user": 3, "content_type": 4, "object_id": "14", "object_repr": "Stall: G Type: R  on Condo: Condo Name: Building condo 2   Address: 8th avenue New Westminster", "action_flag": 1, "change_message": "[{\"added\": {}}]"}}, {"model": "admin.logentry", "pk": 329, "fields": {"action_time": "2022-04-12T03:59:02.152Z", "user": 3, "content_type": 4, "object_id": "15", "object_repr": "Stall: H Type: R  on Condo: Condo Name: Building condo 2   Address: 8th avenue New Westminster", "action_flag": 1, "change_message": "[{\"added\": {}}]"}}, {"model": "admin.logentry", "pk": 330, "fields": {"action_time": "2022-04-12T03:59:10.092Z", "user": 3, "content_type": 4, "object_id": "16", "object_repr": "Stall: I Type: R  on Condo: Condo Name: Building condo 2   Address: 8th avenue New Westminster", "action_flag": 1, "change_message": "[{\"added\": {}}]"}}, {"model": "admin.logentry", "pk": 331, "fields": {"action_time": "2022-04-12T03:59:25.612Z", "user": 3, "content_type": 5, "object_id": "5", "object_repr": "Court Number: 1, Condo: Building condo 2, on time slot: 07:00:00", "action_flag": 1, "change_message": "[{\"added\": {}}]"}}, {"model": "admin.logentry", "pk": 332, "fields": {"action_time": "2022-04-12T03:59:34.585Z", "user": 3, "content_type": 5, "object_id": "6", "object_repr": "Court Number: 1, Condo: Building condo 2, on time slot: 07:30:00", "action_flag": 1, "change_message": "[{\"added\": {}}]"}}, {"model": "admin.logentry", "pk": 333, "fields": {"action_time": "2022-04-12T03:59:42.965Z", "user": 3, "content_type": 5, "object_id": "7", "object_repr": "Court Number: 1, Condo: Building condo 2, on time slot: 08:00:00", "action_flag": 1, "change_message": "[{\"added\": {}}]"}}, {"model": "admin.logentry", "pk": 334, "fields": {"action_time": "2022-04-12T03:59:50.060Z", "user": 3, "content_type": 5, "object_id": "8", "object_repr": "Court Number: 2, Condo: Building condo 2, on time slot: 07:00:00", "action_flag": 1, "change_message": "[{\"added\": {}}]"}}, {"model": "admin.logentry", "pk": 335, "fields": {"action_time": "2022-04-12T03:59:57.887Z", "user": 3, "content_type": 5, "object_id": "9", "object_repr": "Court Number: 2, Condo: Building condo 2, on time slot: 07:30:00", "action_flag": 1, "change_message": "[{\"added\": {}}]"}}, {"model": "admin.logentry", "pk": 336, "fields": {"action_time": "2022-04-12T04:14:31.833Z", "user": 3, "content_type": 3, "object_id": "7", "object_repr": "Room Name: Ball Room   Condo: Building condo 2", "action_flag": 1, "change_message": "[{\"added\": {}}]"}}, {"model": "admin.logentry", "pk": 337, "fields": {"action_time": "2022-04-12T04:14:40.859Z", "user": 3, "content_type": 3, "object_id": "8", "object_repr": "Room Name: Office Room   Condo: Building condo 2", "action_flag": 1, "change_message": "[{\"added\": {}}]"}}, {"model": "admin.logentry", "pk": 338, "fields": {"action_time": "2022-04-12T04:14:51.723Z", "user": 3, "content_type": 3, "object_id": "9", "object_repr": "Room Name: Party Room   Condo: Building condo 2", "action_flag": 1, "change_message": "[{\"added\": {}}]"}}, {"model": "admin.logentry", "pk": 339, "fields": {"action_time": "2022-04-12T16:36:38.678Z", "user": 3, "content_type": 11, "object_id": "16", "object_repr": "Day 2022-04-13 07:00:00+00:00 Time: User user2@gmail.com", "action_flag": 1, "change_message": "[{\"added\": {}}]"}}, {"model": "admin.logentry", "pk": 340, "fields": {"action_time": "2022-04-12T16:37:28.897Z", "user": 3, "content_type": 3, "object_id": "10", "object_repr": "Room Name: Games Room   Condo: Condo First", "action_flag": 1, "change_message": "[{\"added\": {}}]"}}, {"model": "admin.logentry", "pk": 341, "fields": {"action_time": "2022-04-12T16:50:47.141Z", "user": 3, "content_type": 11, "object_id": "17", "object_repr": "Day 2022-04-15 07:00:00+00:00 Time: User admin@gmail.com", "action_flag": 1, "change_message": "[{\"added\": {}}]"}}, {"model": "admin.logentry", "pk": 342, "fields": {"action_time": "2022-04-12T16:50:57.520Z", "user": 3, "content_type": 11, "object_id": "18", "object_repr": "Day 2022-04-15 07:00:00+00:00 Time: User admin@gmail.com", "action_flag": 1, "change_message": "[{\"added\": {}}]"}}, {"model": "admin.logentry", "pk": 343, "fields": {"action_time": "2022-04-12T16:51:06.713Z", "user": 3, "content_type": 11, "object_id": "19", "object_repr": "Day 2022-04-15 07:00:00+00:00 Time: User admin@gmail.com", "action_flag": 1, "change_message": "[{\"added\": {}}]"}}, {"model": "admin.logentry", "pk": 344, "fields": {"action_time": "2022-04-12T16:51:25.055Z", "user": 3, "content_type": 11, "object_id": "20", "object_repr": "Day 2022-04-16 10:00:00+00:00 Time: User admin@gmail.com", "action_flag": 1, "change_message": "[{\"added\": {}}]"}}, {"model": "admin.logentry", "pk": 345, "fields": {"action_time": "2022-04-12T16:51:32.403Z", "user": 3, "content_type": 11, "object_id": "21", "object_repr": "Day 2022-04-16 10:00:00+00:00 Time: User admin@gmail.com", "action_flag": 1, "change_message": "[{\"added\": {}}]"}}, {"model": "admin.logentry", "pk": 346, "fields": {"action_time": "2022-04-12T16:51:40.042Z", "user": 3, "content_type": 11, "object_id": "22", "object_repr": "Day 2022-04-16 07:00:00+00:00 Time: User admin@gmail.com", "action_flag": 1, "change_message": "[{\"added\": {}}]"}}, {"model": "admin.logentry", "pk": 347, "fields": {"action_time": "2022-04-12T16:51:50.712Z", "user": 3, "content_type": 11, "object_id": "23", "object_repr": "Day 2022-04-07 10:00:00+00:00 Time: User admin@gmail.com", "action_flag": 1, "change_message": "[{\"added\": {}}]"}}, {"model": "admin.logentry", "pk": 348, "fields": {"action_time": "2022-04-12T16:52:14.444Z", "user": 3, "content_type": 11, "object_id": "24", "object_repr": "Day 2022-04-16 10:00:00+00:00 Time: User admin@gmail.com", "action_flag": 1, "change_message": "[{\"added\": {}}]"}}, {"model": "admin.logentry", "pk": 349, "fields": {"action_time": "2022-04-12T16:52:21.458Z", "user": 3, "content_type": 11, "object_id": "25", "object_repr": "Day 2022-04-16 07:00:00+00:00 Time: User admin@gmail.com", "action_flag": 1, "change_message": "[{\"added\": {}}]"}}, {"model": "admin.logentry", "pk": 350, "fields": {"action_time": "2022-04-12T16:55:30.156Z", "user": 3, "content_type": 11, "object_id": "25", "object_repr": "Day 2022-04-16 10:00:00+00:00 Time: User admin@gmail.com", "action_flag": 2, "change_message": "[{\"changed\": {\"fields\": [\"Session datetime\"]}}]"}}, {"model": "auth.permission", "pk": 1, "fields": {"name": "Can add my user", "content_type": 1, "codename": "add_myuser"}}, {"model": "auth.permission", "pk": 2, "fields": {"name": "Can change my user", "content_type": 1, "codename": "change_myuser"}}, {"model": "auth.permission", "pk": 3, "fields": {"name": "Can delete my user", "content_type": 1, "codename": "delete_myuser"}}, {"model": "auth.permission", "pk": 4, "fields": {"name": "Can view my user", "content_type": 1, "codename": "view_myuser"}}, {"model": "auth.permission", "pk": 5, "fields": {"name": "Can add condo", "content_type": 2, "codename": "add_condo"}}, {"model": "auth.permission", "pk": 6, "fields": {"name": "Can change condo", "content_type": 2, "codename": "change_condo"}}, {"model": "auth.permission", "pk": 7, "fields": {"name": "Can delete condo", "content_type": 2, "codename": "delete_condo"}}, {"model": "auth.permission", "pk": 8, "fields": {"name": "Can view condo", "content_type": 2, "codename": "view_condo"}}, {"model": "auth.permission", "pk": 9, "fields": {"name": "Can add party room", "content_type": 3, "codename": "add_partyroom"}}, {"model": "auth.permission", "pk": 10, "fields": {"name": "Can change party room", "content_type": 3, "codename": "change_partyroom"}}, {"model": "auth.permission", "pk": 11, "fields": {"name": "Can delete party room", "content_type": 3, "codename": "delete_partyroom"}}, {"model": "auth.permission", "pk": 12, "fields": {"name": "Can view party room", "content_type": 3, "codename": "view_partyroom"}}, {"model": "auth.permission", "pk": 13, "fields": {"name": "Can add stall", "content_type": 4, "codename": "add_stall"}}, {"model": "auth.permission", "pk": 14, "fields": {"name": "Can change stall", "content_type": 4, "codename": "change_stall"}}, {"model": "auth.permission", "pk": 15, "fields": {"name": "Can delete stall", "content_type": 4, "codename": "delete_stall"}}, {"model": "auth.permission", "pk": 16, "fields": {"name": "Can view stall", "content_type": 4, "codename": "view_stall"}}, {"model": "auth.permission", "pk": 17, "fields": {"name": "Can add tennis court", "content_type": 5, "codename": "add_tenniscourt"}}, {"model": "auth.permission", "pk": 18, "fields": {"name": "Can change tennis court", "content_type": 5, "codename": "change_tenniscourt"}}, {"model": "auth.permission", "pk": 19, "fields": {"name": "Can delete tennis court", "content_type": 5, "codename": "delete_tenniscourt"}}, {"model": "auth.permission", "pk": 20, "fields": {"name": "Can view tennis court", "content_type": 5, "codename": "view_tenniscourt"}}, {"model": "auth.permission", "pk": 21, "fields": {"name": "Can add tennis court reservation", "content_type": 6, "codename": "add_tenniscourtreservation"}}, {"model": "auth.permission", "pk": 22, "fields": {"name": "Can change tennis court reservation", "content_type": 6, "codename": "change_tenniscourtreservation"}}, {"model": "auth.permission", "pk": 23, "fields": {"name": "Can delete tennis court reservation", "content_type": 6, "codename": "delete_tenniscourtreservation"}}, {"model": "auth.permission", "pk": 24, "fields": {"name": "Can view tennis court reservation", "content_type": 6, "codename": "view_tenniscourtreservation"}}, {"model": "auth.permission", "pk": 25, "fields": {"name": "Can add stall reservation", "content_type": 7, "codename": "add_stallreservation"}}, {"model": "auth.permission", "pk": 26, "fields": {"name": "Can change stall reservation", "content_type": 7, "codename": "change_stallreservation"}}, {"model": "auth.permission", "pk": 27, "fields": {"name": "Can delete stall reservation", "content_type": 7, "codename": "delete_stallreservation"}}, {"model": "auth.permission", "pk": 28, "fields": {"name": "Can view stall reservation", "content_type": 7, "codename": "view_stallreservation"}}, {"model": "auth.permission", "pk": 29, "fields": {"name": "Can add signup code", "content_type": 8, "codename": "add_signupcode"}}, {"model": "auth.permission", "pk": 30, "fields": {"name": "Can change signup code", "content_type": 8, "codename": "change_signupcode"}}, {"model": "auth.permission", "pk": 31, "fields": {"name": "Can delete signup code", "content_type": 8, "codename": "delete_signupcode"}}, {"model": "auth.permission", "pk": 32, "fields": {"name": "Can view signup code", "content_type": 8, "codename": "view_signupcode"}}, {"model": "auth.permission", "pk": 33, "fields": {"name": "Can add penalties", "content_type": 9, "codename": "add_penalties"}}, {"model": "auth.permission", "pk": 34, "fields": {"name": "Can change penalties", "content_type": 9, "codename": "change_penalties"}}, {"model": "auth.permission", "pk": 35, "fields": {"name": "Can delete penalties", "content_type": 9, "codename": "delete_penalties"}}, {"model": "auth.permission", "pk": 36, "fields": {"name": "Can view penalties", "content_type": 9, "codename": "view_penalties"}}, {"model": "auth.permission", "pk": 37, "fields": {"name": "Can add party room reservation", "content_type": 10, "codename": "add_partyroomreservation"}}, {"model": "auth.permission", "pk": 38, "fields": {"name": "Can change party room reservation", "content_type": 10, "codename": "change_partyroomreservation"}}, {"model": "auth.permission", "pk": 39, "fields": {"name": "Can delete party room reservation", "content_type": 10, "codename": "delete_partyroomreservation"}}, {"model": "auth.permission", "pk": 40, "fields": {"name": "Can view party room reservation", "content_type": 10, "codename": "view_partyroomreservation"}}, {"model": "auth.permission", "pk": 41, "fields": {"name": "Can add gym session", "content_type": 11, "codename": "add_gymsession"}}, {"model": "auth.permission", "pk": 42, "fields": {"name": "Can change gym session", "content_type": 11, "codename": "change_gymsession"}}, {"model": "auth.permission", "pk": 43, "fields": {"name": "Can delete gym session", "content_type": 11, "codename": "delete_gymsession"}}, {"model": "auth.permission", "pk": 44, "fields": {"name": "Can view gym session", "content_type": 11, "codename": "view_gymsession"}}, {"model": "auth.permission", "pk": 45, "fields": {"name": "Can add log entry", "content_type": 12, "codename": "add_logentry"}}, {"model": "auth.permission", "pk": 46, "fields": {"name": "Can change log entry", "content_type": 12, "codename": "change_logentry"}}, {"model": "auth.permission", "pk": 47, "fields": {"name": "Can delete log entry", "content_type": 12, "codename": "delete_logentry"}}, {"model": "auth.permission", "pk": 48, "fields": {"name": "Can view log entry", "content_type": 12, "codename": "view_logentry"}}, {"model": "auth.permission", "pk": 49, "fields": {"name": "Can add permission", "content_type": 13, "codename": "add_permission"}}, {"model": "auth.permission", "pk": 50, "fields": {"name": "Can change permission", "content_type": 13, "codename": "change_permission"}}, {"model": "auth.permission", "pk": 51, "fields": {"name": "Can delete permission", "content_type": 13, "codename": "delete_permission"}}, {"model": "auth.permission", "pk": 52, "fields": {"name": "Can view permission", "content_type": 13, "codename": "view_permission"}}, {"model": "auth.permission", "pk": 53, "fields": {"name": "Can add group", "content_type": 14, "codename": "add_group"}}, {"model": "auth.permission", "pk": 54, "fields": {"name": "Can change group", "content_type": 14, "codename": "change_group"}}, {"model": "auth.permission", "pk": 55, "fields": {"name": "Can delete group", "content_type": 14, "codename": "delete_group"}}, {"model": "auth.permission", "pk": 56, "fields": {"name": "Can view group", "content_type": 14, "codename": "view_group"}}, {"model": "auth.permission", "pk": 57, "fields": {"name": "Can add content type", "content_type": 15, "codename": "add_contenttype"}}, {"model": "auth.permission", "pk": 58, "fields": {"name": "Can change content type", "content_type": 15, "codename": "change_contenttype"}}, {"model": "auth.permission", "pk": 59, "fields": {"name": "Can delete content type", "content_type": 15, "codename": "delete_contenttype"}}, {"model": "auth.permission", "pk": 60, "fields": {"name": "Can view content type", "content_type": 15, "codename": "view_contenttype"}}, {"model": "auth.permission", "pk": 61, "fields": {"name": "Can add session", "content_type": 16, "codename": "add_session"}}, {"model": "auth.permission", "pk": 62, "fields": {"name": "Can change session", "content_type": 16, "codename": "change_session"}}, {"model": "auth.permission", "pk": 63, "fields": {"name": "Can delete session", "content_type": 16, "codename": "delete_session"}}, {"model": "auth.permission", "pk": 64, "fields": {"name": "Can view session", "content_type": 16, "codename": "view_session"}}, {"model": "contenttypes.contenttype", "pk": 1, "fields": {"app_label": "webapp", "model": "myuser"}}, {"model": "contenttypes.contenttype", "pk": 2, "fields": {"app_label": "webapp", "model": "condo"}}, {"model": "contenttypes.contenttype", "pk": 3, "fields": {"app_label": "webapp", "model": "partyroom"}}, {"model": "contenttypes.contenttype", "pk": 4, "fields": {"app_label": "webapp", "model": "stall"}}, {"model": "contenttypes.contenttype", "pk": 5, "fields": {"app_label": "webapp", "model": "tenniscourt"}}, {"model": "contenttypes.contenttype", "pk": 6, "fields": {"app_label": "webapp", "model": "tenniscourtreservation"}}, {"model": "contenttypes.contenttype", "pk": 7, "fields": {"app_label": "webapp", "model": "stallreservation"}}, {"model": "contenttypes.contenttype", "pk": 8, "fields": {"app_label": "webapp", "model": "signupcode"}}, {"model": "contenttypes.contenttype", "pk": 9, "fields": {"app_label": "webapp", "model": "penalties"}}, {"model": "contenttypes.contenttype", "pk": 10, "fields": {"app_label": "webapp", "model": "partyroomreservation"}}, {"model": "contenttypes.contenttype", "pk": 11, "fields": {"app_label": "webapp", "model": "gymsession"}}, {"model": "contenttypes.contenttype", "pk": 12, "fields": {"app_label": "admin", "model": "logentry"}}, {"model": "contenttypes.contenttype", "pk": 13, "fields": {"app_label": "auth", "model": "permission"}}, {"model": "contenttypes.contenttype", "pk": 14, "fields": {"app_label": "auth", "model": "group"}}, {"model": "contenttypes.contenttype", "pk": 15, "fields": {"app_label": "contenttypes", "model": "contenttype"}}, {"model": "contenttypes.contenttype", "pk": 16, "fields": {"app_label": "sessions", "model": "session"}}, {"model": "sessions.session", "pk": "q92chri2mesrfvj693dw41zznf2tftvr", "fields": {"session_data": ".eJxVjDsOwjAQBe_iGln-xetQ0nMGa9dr4wBypDipEHeHSCmgfTPzXiLitta49bzEicVZaBCn35EwPXLbCd-x3WaZ5rYuE8ldkQft8jpzfl4O9--gYq_fGrxlhoAKglMEqiANZLEQ2-ytM34cjdLWQwrApbhguDifsNgBQQcW7w8E5DgV:1ne7oB:mN81drmvj0h_VOOrCicCLlpqVO5cUA_rFgLMC4vhn58", "expire_date": "2022-04-26T04:07:15.870Z"}}, {"model": "sessions.session", "pk": "t7cs5ry2t30fhng9y7gk68uver0venfk", "fields": {"session_data": ".eJxVjEEOwiAQRe_C2pBSoIBL956BzAyDVA0kpV0Z765NutDtf-_9l4iwrSVunZc4J3EWWpx-NwR6cN1BukO9NUmtrsuMclfkQbu8tsTPy-H-HRTo5VuTGyav2YBVxiGYFDBrl43zOJAak6WgvbfBMtsQjEeyo2NImgjypFC8P9wEOBo:1ne8Pa:tXHtBPG14YXkCsVfwf7NXCW0pjm-2cR_rtSadkUPO9c", "expire_date": "2022-04-26T04:45:54.644Z"}}]